MQTT_TOPIC,MQTT_PAYLOAD_UTF8,MQTT_RETAIN,MQTT_PACKET_ID,MQTT_TIMESTAMP_MS,MQTT_TIMESTAMP_ISO_8601,TOPIC_COMPANY,TOPIC_LOCATION,TOPIC_AREA,TOPIC_TYPE,TOPIC_DEVICE,TOPIC_PAYLOAD_VERSION,TOPIC_MANUFACTURER,PAYLOAD_HEADERID,PAYLOAD_TIMESTAMP,PAYLOAD_VERSION,PAYLOAD_MANUFACTURER,PAYLOAD_SERIALNUMBER,PAYLOAD_AGVPOSITION_X,PAYLOAD_AGVPOSITION_Y,PAYLOAD_AGVPOSITION_THETA,PAYLOAD_AGVPOSITION_MAPID,PAYLOAD_AGVPOSITION_POSITIONINITIALIZED,PAYLOAD_AGVPOSITION_LOCALIZATIONSCORE,PAYLOAD_VELOCITY_VX,PAYLOAD_VELOCITY_VY,PAYLOAD_VELOCITY_OMEGA,PAYLOAD_SCHEMAVALIDATION
kb_cvs/aldersbach/logistic/rtls/v2/synaos/sc-aware-JQ6G0078/visualization,"{""headerId"":2448,""timestamp"":""2025-10-05T15:11:33.587412Z"",""version"":""2.0.0"",""manufacturer"":""synaos"",""serialNumber"":""sc-aware-JQ6G0078"",""agvPosition"":{""x"":137.119,""y"":79.886,""theta"":-1.5685791055133933,""mapId"":""KB_Forklift_05_09_2025"",""positionInitialized"":true,""localizationScore"":1},""velocity"":{""vx"":0.22404725907364023,""vy"":-0.02569911451897541,""omega"":-0.013569611140208764},""schemavalidation"":true}",false,0,1759677093735,2025-10-05 15:11:33.735,kb_cvs,aldersbach,logistic,rtls,v2,synaos,sc-aware-JQ6G0078,2448,2025-10-05T15:11:33.587412Z,2.0.0,synaos,sc-aware-JQ6G0078,137,80,-1.568579106,KB_Forklift_05_09_2025,true,1,0,0,0,true
kb_cvs/aldersbach/logistic/rtls/v2/synaos/sc-aware-JQ6G0078/visualization,"{""headerId"":2447,""timestamp"":""2025-10-05T15:11:32.519869Z"",""version"":""2.0.0"",""manufacturer"":""synaos"",""serialNumber"":""sc-aware-JQ6G0078"",""agvPosition"":{""x"":137.133,""y"":80.039,""theta"":-1.5608786162356605,""mapId"":""KB_Forklift_05_09_2025"",""positionInitialized"":true,""localizationScore"":1},""velocity"":{""vx"":0.06847953189655853,""vy"":-0.0021945823113663277,""omega"":0.0027153237981297302},""schemavalidation"":true}",false,0,1759677092642,2025-10-05 15:11:32.642,kb_cvs,aldersbach,logistic,rtls,v2,synaos,sc-aware-JQ6G0078,2447,2025-10-05T15:11:32.519869Z,2.0.0,synaos,sc-aware-JQ6G0078,137,80,-1.560878616,KB_Forklift_05_09_2025,true,1,0,0,0,true
kb_cvs/aldersbach/logistic/rtls/v2/synaos/sc-aware-JQ6G0078/visualization,"{""headerId"":2446,""timestamp"":""2025-10-05T15:11:31.452964Z"",""version"":""2.0.0"",""manufacturer"":""synaos"",""serialNumber"":""sc-aware-JQ6G0078"",""agvPosition"":{""x"":137.134,""y"":80.059,""theta"":-1.5616945748676443,""mapId"":""KB_Forklift_05_09_2025"",""positionInitialized"":true,""localizationScore"":1},""velocity"":{""vx"":-0.00043368840092804516,""vy"":0.0010993606461270594,""omega"":0.0002832042331822011},""schemavalidation"":true}",false,0,1759677091587,2025-10-05 15:11:31.587,kb_cvs,aldersbach,logistic,rtls,v2,synaos,sc-aware-JQ6G0078,2446,2025-10-05T15:11:31.452964Z,2.0.0,synaos,sc-aware-JQ6G0078,137,80,-1.561694575,KB_Forklift_05_09_2025,true,1,0,0,0,true
kb_cvs/aldersbach/logistic/rtls/v2/synaos/sc-aware-JQ6G0078/visualization,"{""headerId"":2445,""timestamp"":""2025-10-05T15:11:30.385767Z"",""version"":""2.0.0"",""manufacturer"":""synaos"",""serialNumber"":""sc-aware-JQ6G0078"",""agvPosition"":{""x"":137.134,""y"":80.059,""theta"":-1.5617697759252218,""mapId"":""KB_Forklift_05_09_2025"",""positionInitialized"":true,""localizationScore"":1},""velocity"":{""vx"":-0.0011953385916279263,""vy"":-0.0036862145773220744,""omega"":-0.00035568621257027743},""schemavalidation"":true}",false,0,1759677090535,2025-10-05 15:11:30.535,kb_cvs,aldersbach,logistic,rtls,v2,synaos,sc-aware-JQ6G0078,2445,2025-10-05T15:11:30.385767Z,2.0.0,synaos,sc-aware-JQ6G0078,137,80,-1.561769776,KB_Forklift_05_09_2025,true,1,0,0,0,true
kb_cvs/aldersbach/logistic/rtls/v2/synaos/sc-aware-JQ6G0078/visualization,"{""headerId"":2444,""timestamp"":""2025-10-05T15:11:29.320456Z"",""version"":""2.0.0"",""manufacturer"":""synaos"",""serialNumber"":""sc-aware-JQ6G0078"",""agvPosition"":{""x"":137.134,""y"":80.053,""theta"":-1.5620731770881928,""mapId"":""KB_Forklift_05_09_2025"",""positionInitialized"":true,""localizationScore"":1},""velocity"":{""vx"":-0.02045078269510522,""vy"":-0.0157546935176316,""omega"":-0.0022997599778704202},""schemavalidation"":true}",false,0,1759677089476,2025-10-05 15:11:29.476,kb_cvs,aldersbach,logistic,rtls,v2,synaos,sc-aware-JQ6G0078,2444,2025-10-05T15:11:29.320456Z,2.0.0,synaos,sc-aware-JQ6G0078,137,80,-1.562073177,KB_Forklift_05_09_2025,true,1,0,0,0,true
kb_cvs/aldersbach/logistic/rtls/v2/synaos/sc-aware-JQ6G0078/visualization,"{""headerId"":2443,""timestamp"":""2025-10-05T15:11:28.320520Z"",""version"":""2.0.0"",""manufacturer"":""synaos"",""serialNumber"":""sc-aware-JQ6G0078"",""agvPosition"":{""x"":137.134,""y"":80.049,""theta"":-1.5610857577073176,""mapId"":""KB_Forklift_05_09_2025"",""positionInitialized"":true,""localizationScore"":1},""velocity"":{""vx"":-0.0019934560260938304,""vy"":-0.0016203554251944137,""omega"":0.00023051842142067454},""schemavalidation"":true}",false,0,1759677088455,2025-10-05 15:11:28.455,kb_cvs,aldersbach,logistic,rtls,v2,synaos,sc-aware-JQ6G0078,2443,2025-10-05T15:11:28.320520Z,2.0.0,synaos,sc-aware-JQ6G0078,137,80,-1.561085758,KB_Forklift_05_09_2025,true,1,0,0,0,true
kb_cvs/aldersbach/logistic/rtls/v2/synaos/sc-aware-JQ6G0078/visualization,"{""headerId"":2442,""timestamp"":""2025-10-05T15:11:27.253568Z"",""version"":""2.0.0"",""manufacturer"":""synaos"",""serialNumber"":""sc-aware-JQ6G0078"",""agvPosition"":{""x"":137.134,""y"":80.049,""theta"":-1.5609830615938964,""mapId"":""KB_Forklift_05_09_2025"",""positionInitialized"":true,""localizationScore"":1},""velocity"":{""vx"":-0.004158655454081828,""vy"":0.00959270393836611,""omega"":0.0003985531580528774},""schemavalidation"":true}",false,0,1759677087397,2025-10-05 15:11:27.397,kb_cvs,aldersbach,logistic,rtls,v2,synaos,sc-aware-JQ6G0078,2442,2025-10-05T15:11:27.253568Z,2.0.0,synaos,sc-aware-JQ6G0078,137,80,-1.560983062,KB_Forklift_05_09_2025,true,1,0,0,0,true
kb_cvs/aldersbach/logistic/rtls/v2/synaos/sc-aware-JQ6G0078/visualization,"{""headerId"":2441,""timestamp"":""2025-10-05T15:11:26.189524Z"",""version"":""2.0.0"",""manufacturer"":""synaos"",""serialNumber"":""sc-aware-JQ6G0078"",""agvPosition"":{""x"":137.134,""y"":80.049,""theta"":-1.5610389707872159,""mapId"":""KB_Forklift_05_09_2025"",""positionInitialized"":true,""localizationScore"":1},""velocity"":{""vx"":0.0015467105942451249,""vy"":0.0007233511070058687,""omega"":0.00030232678566756573},""schemavalidation"":true}",false,0,1759677086337,2025-10-05 15:11:26.337,kb_cvs,aldersbach,logistic,rtls,v2,synaos,sc-aware-JQ6G0078,2441,2025-10-05T15:11:26.189524Z,2.0.0,synaos,sc-aware-JQ6G0078,137,80,-1.561038971,KB_Forklift_05_09_2025,true,1,0,0,0,true
kb_cvs/aldersbach/logistic/rtls/v2/synaos/sc-aware-JQ6G0078/visualization,"{""headerId"":2440,""timestamp"":""2025-10-05T15:11:25.185867Z"",""version"":""2.0.0"",""manufacturer"":""synaos"",""serialNumber"":""sc-aware-JQ6G0078"",""agvPosition"":{""x"":137.134,""y"":80.05,""theta"":-1.5610590371094943,""mapId"":""KB_Forklift_05_09_2025"",""positionInitialized"":true,""localizationScore"":1},""velocity"":{""vx"":-0.00009290967467259951,""vy"":0.00044807504517304974,""omega"":0.000008590965544796442},""schemavalidation"":true}",false,0,1759677085313,2025-10-05 15:11:25.313,kb_cvs,aldersbach,logistic,rtls,v2,synaos,sc-aware-JQ6G0078,2440,2025-10-05T15:11:25.185867Z,2.0.0,synaos,sc-aware-JQ6G0078,137,80,-1.561059037,KB_Forklift_05_09_2025,true,1,0,0,0,true
kb_cvs/aldersbach/logistic/rtls/v2/synaos/sc-aware-JQ6G0078/visualization,"{""headerId"":2439,""timestamp"":""2025-10-05T15:11:24.120814Z"",""version"":""2.0.0"",""manufacturer"":""synaos"",""serialNumber"":""sc-aware-JQ6G0078"",""agvPosition"":{""x"":137.133,""y"":80.05,""theta"":-1.561065171242948,""mapId"":""KB_Forklift_05_09_2025"",""positionInitialized"":true,""localizationScore"":1},""velocity"":{""vx"":0.0008421904986327887,""vy"":-0.0007448591477379147,""omega"":-0.00042497983574282496},""schemavalidation"":true}",false,0,1759677084254,2025-10-05 15:11:24.254,kb_cvs,aldersbach,logistic,rtls,v2,synaos,sc-aware-JQ6G0078,2439,2025-10-05T15:11:24.120814Z,2.0.0,synaos,sc-aware-JQ6G0078,137,80,-1.561065171,KB_Forklift_05_09_2025,true,1,0,0,0,true
kb_cvs/aldersbach/logistic/rtls/v2/synaos/sc-aware-JQ6G0078/visualization,"{""headerId"":2438,""timestamp"":""2025-10-05T15:11:23.053195Z"",""version"":""2.0.0"",""manufacturer"":""synaos"",""serialNumber"":""sc-aware-JQ6G0078"",""agvPosition"":{""x"":137.134,""y"":80.05,""theta"":-1.5610580252318993,""mapId"":""KB_Forklift_05_09_2025"",""positionInitialized"":true,""localizationScore"":1},""velocity"":{""vx"":-0.0014254617197248219,""vy"":-0.0021742791270378055,""omega"":0.00003494778059601143},""schemavalidation"":true}",false,0,1759677083193,2025-10-05 15:11:23.193,kb_cvs,aldersbach,logistic,rtls,v2,synaos,sc-aware-JQ6G0078,2438,2025-10-05T15:11:23.053195Z,2.0.0,synaos,sc-aware-JQ6G0078,137,80,-1.561058025,KB_Forklift_05_09_2025,true,1,0,0,0,true
kb_cvs/aldersbach/logistic/rtls/v2/synaos/sc-aware-JQ6G0078/visualization,"{""headerId"":2437,""timestamp"":""2025-10-05T15:11:21.987772Z"",""version"":""2.0.0"",""manufacturer"":""synaos"",""serialNumber"":""sc-aware-JQ6G0078"",""agvPosition"":{""x"":137.134,""y"":80.05,""theta"":-1.5610330845676934,""mapId"":""KB_Forklift_05_09_2025"",""positionInitialized"":true,""localizationScore"":1},""velocity"":{""vx"":-0.0001750153248365768,""vy"":0.001178210659790358,""omega"":0.00009753315883387341},""schemavalidation"":true}",false,0,1759677082139,2025-10-05 15:11:22.139,kb_cvs,aldersbach,logistic,rtls,v2,synaos,sc-aware-JQ6G0078,2437,2025-10-05T15:11:21.987772Z,2.0.0,synaos,sc-aware-JQ6G0078,137,80,-1.561033085,KB_Forklift_05_09_2025,true,1,0,0,0,true
kb_cvs/aldersbach/logistic/rtls/v2/synaos/sc-aware-JQ6G0078/visualization,"{""headerId"":2436,""timestamp"":""2025-10-05T15:11:20.987188Z"",""version"":""2.0.0"",""manufacturer"":""synaos"",""serialNumber"":""sc-aware-JQ6G0078"",""agvPosition"":{""x"":137.134,""y"":80.05,""theta"":-1.561001481991891,""mapId"":""KB_Forklift_05_09_2025"",""positionInitialized"":true,""localizationScore"":1},""velocity"":{""vx"":0.0005595871433449187,""vy"":0.00164583705933277,""omega"":0.0005533144059456565},""schemavalidation"":true}",false,0,1759677081124,2025-10-05 15:11:21.124,kb_cvs,aldersbach,logistic,rtls,v2,synaos,sc-aware-JQ6G0078,2436,2025-10-05T15:11:20.987188Z,2.0.0,synaos,sc-aware-JQ6G0078,137,80,-1.561001482,KB_Forklift_05_09_2025,true,1,0,0,0,true
kb_cvs/aldersbach/logistic/rtls/v2/synaos/sc-aware-JQ6G0078/visualization,"{""headerId"":2435,""timestamp"":""2025-10-05T15:11:19.920516Z"",""version"":""2.0.0"",""manufacturer"":""synaos"",""serialNumber"":""sc-aware-JQ6G0078"",""agvPosition"":{""x"":137.132,""y"":80.05,""theta"":-1.5612076205807135,""mapId"":""KB_Forklift_05_09_2025"",""positionInitialized"":true,""localizationScore"":1},""velocity"":{""vx"":0.0060919380216177595,""vy"":0.010484256767044717,""omega"":0.0025196199020822378},""schemavalidation"":true}",false,0,1759677080063,2025-10-05 15:11:20.063,kb_cvs,aldersbach,logistic,rtls,v2,synaos,sc-aware-JQ6G0078,2435,2025-10-05T15:11:19.920516Z,2.0.0,synaos,sc-aware-JQ6G0078,137,80,-1.561207621,KB_Forklift_05_09_2025,true,1,0,0,0,true
kb_cvs/aldersbach/logistic/rtls/v2/synaos/sc-aware-JQ6G0078/visualization,"{""headerId"":2434,""timestamp"":""2025-10-05T15:11:18.853719Z"",""version"":""2.0.0"",""manufacturer"":""synaos"",""serialNumber"":""sc-aware-JQ6G0078"",""agvPosition"":{""x"":137.133,""y"":80.054,""theta"":-1.561293835578354,""mapId"":""KB_Forklift_05_09_2025"",""positionInitialized"":true,""localizationScore"":1},""velocity"":{""vx"":-0.09873245195334017,""vy"":0.007135433823475168,""omega"":0.005026440068834873},""schemavalidation"":true}",false,0,1759677079008,2025-10-05 15:11:19.008,kb_cvs,aldersbach,logistic,rtls,v2,synaos,sc-aware-JQ6G0078,2434,2025-10-05T15:11:18.853719Z,2.0.0,synaos,sc-aware-JQ6G0078,137,80,-1.561293836,KB_Forklift_05_09_2025,true,1,0,0,0,true
kb_cvs/aldersbach/logistic/rtls/v2/synaos/sc-aware-JQ6G0078/visualization,"{""headerId"":2433,""timestamp"":""2025-10-05T15:11:17.788152Z"",""version"":""2.0.0"",""manufacturer"":""synaos"",""serialNumber"":""sc-aware-JQ6G0078"",""agvPosition"":{""x"":137.127,""y"":79.926,""theta"":-1.563891600853876,""mapId"":""KB_Forklift_05_09_2025"",""positionInitialized"":true,""localizationScore"":1},""velocity"":{""vx"":-0.08928495726329516,""vy"":0.0073889773670247965,""omega"":0.0029210056397511773},""schemavalidation"":true}",false,0,1759677077956,2025-10-05 15:11:17.956,kb_cvs,aldersbach,logistic,rtls,v2,synaos,sc-aware-JQ6G0078,2433,2025-10-05T15:11:17.788152Z,2.0.0,synaos,sc-aware-JQ6G0078,137,80,-1.563891601,KB_Forklift_05_09_2025,true,1,0,0,0,true
kb_cvs/aldersbach/logistic/rtls/v2/synaos/sc-aware-JQ6G0078/visualization,"{""headerId"":2432,""timestamp"":""2025-10-05T15:11:16.719992Z"",""version"":""2.0.0"",""manufacturer"":""synaos"",""serialNumber"":""sc-aware-JQ6G0078"",""agvPosition"":{""x"":137.116,""y"":79.779,""theta"":-1.568635612158956,""mapId"":""KB_Forklift_05_09_2025"",""positionInitialized"":true,""localizationScore"":1},""velocity"":{""vx"":-0.23957364282900426,""vy"":0.021579339094251387,""omega"":0.008399501103554328},""schemavalidation"":true}",false,0,1759677076867,2025-10-05 15:11:16.867,kb_cvs,aldersbach,logistic,rtls,v2,synaos,sc-aware-JQ6G0078,2432,2025-10-05T15:11:16.719992Z,2.0.0,synaos,sc-aware-JQ6G0078,137,80,-1.568635612,KB_Forklift_05_09_2025,true,1,0,0,0,true
kb_cvs/aldersbach/logistic/rtls/v2/synaos/sc-aware-JQ6G0078/visualization,"{""headerId"":2431,""timestamp"":""2025-10-05T15:11:15.653171Z"",""version"":""2.0.0"",""manufacturer"":""synaos"",""serialNumber"":""sc-aware-JQ6G0078"",""agvPosition"":{""x"":137.093,""y"":79.533,""theta"":-1.5786179674288077,""mapId"":""KB_Forklift_05_09_2025"",""positionInitialized"":true,""localizationScore"":1},""velocity"":{""vx"":-0.2233508733197809,""vy"":0.014772550814529557,""omega"":0.007302076301575743},""schemavalidation"":true}",false,0,1759677075810,2025-10-05 15:11:15.810,kb_cvs,aldersbach,logistic,rtls,v2,synaos,sc-aware-JQ6G0078,2431,2025-10-05T15:11:15.653171Z,2.0.0,synaos,sc-aware-JQ6G0078,137,80,-1.578617967,KB_Forklift_05_09_2025,true,1,0,0,0,true
kb_cvs/aldersbach/logistic/rtls/v2/synaos/sc-aware-JQ6G0078/visualization,"{""headerId"":2430,""timestamp"":""2025-10-05T15:11:14.592643Z"",""version"":""2.0.0"",""manufacturer"":""synaos"",""serialNumber"":""sc-aware-JQ6G0078"",""agvPosition"":{""x"":137.056,""y"":79.249,""theta"":-1.592707445447675,""mapId"":""KB_Forklift_05_09_2025"",""positionInitialized"":true,""localizationScore"":1},""velocity"":{""vx"":-0.40191262193117316,""vy"":0.051316247243798505,""omega"":0.019849559061182537},""schemavalidation"":true}",false,0,1759677074757,2025-10-05 15:11:14.757,kb_cvs,aldersbach,logistic,rtls,v2,synaos,sc-aware-JQ6G0078,2430,2025-10-05T15:11:14.592643Z,2.0.0,synaos,sc-aware-JQ6G0078,137,79,-1.592707445,KB_Forklift_05_09_2025,true,1,0,0,0,true
kb_cvs/aldersbach/logistic/rtls/v2/synaos/sc-aware-JQ6G0078/visualization,"{""headerId"":2429,""timestamp"":""2025-10-05T15:11:13.586771Z"",""version"":""2.0.0"",""manufacturer"":""synaos"",""serialNumber"":""sc-aware-JQ6G0078"",""agvPosition"":{""x"":136.954,""y"":78.58,""theta"":-1.6076958691218168,""mapId"":""KB_Forklift_05_09_2025"",""positionInitialized"":true,""localizationScore"":1},""velocity"":{""vx"":-0.9784128024659347,""vy"":0.08884046826547196,""omega"":0.050077575978711326},""schemavalidation"":true}",false,0,1759677073730,2025-10-05 15:11:13.730,kb_cvs,aldersbach,logistic,rtls,v2,synaos,sc-aware-JQ6G0078,2429,2025-10-05T15:11:13.586771Z,2.0.0,synaos,sc-aware-JQ6G0078,137,79,-1.607695869,KB_Forklift_05_09_2025,true,1,-1,0,0,true
kb_cvs/aldersbach/logistic/rtls/v2/synaos/sc-aware-JQ6G0078/visualization,"{""headerId"":2428,""timestamp"":""2025-10-05T15:11:12.588995Z"",""version"":""2.0.0"",""manufacturer"":""synaos"",""serialNumber"":""sc-aware-JQ6G0078"",""agvPosition"":{""x"":136.901,""y"":77.277,""theta"":-1.5735091018176632,""mapId"":""KB_Forklift_05_09_2025"",""positionInitialized"":true,""localizationScore"":1},""velocity"":{""vx"":-1.549998093844826,""vy"":-0.19288354819087433,""omega"":-0.1828926480853824},""schemavalidation"":true}",false,0,1759677072724,2025-10-05 15:11:12.724,kb_cvs,aldersbach,logistic,rtls,v2,synaos,sc-aware-JQ6G0078,2428,2025-10-05T15:11:12.588995Z,2.0.0,synaos,sc-aware-JQ6G0078,137,77,-1.573509102,KB_Forklift_05_09_2025,true,1,-2,0,0,true
kb_cvs/aldersbach/logistic/rtls/v2/synaos/sc-aware-JQ6G0078/visualization,"{""headerId"":2427,""timestamp"":""2025-10-05T15:11:11.521321Z"",""version"":""2.0.0"",""manufacturer"":""synaos"",""serialNumber"":""sc-aware-JQ6G0078"",""agvPosition"":{""x"":137.418,""y"":75.729,""theta"":-1.2706042484469737,""mapId"":""KB_Forklift_05_09_2025"",""positionInitialized"":true,""localizationScore"":1},""velocity"":{""vx"":-1.401041180843118,""vy"":-0.6405293061125037,""omega"":-0.5410856319216514},""schemavalidation"":true}",false,0,1759677071705,2025-10-05 15:11:11.705,kb_cvs,aldersbach,logistic,rtls,v2,synaos,sc-aware-JQ6G0078,2427,2025-10-05T15:11:11.521321Z,2.0.0,synaos,sc-aware-JQ6G0078,137,76,-1.270604248,KB_Forklift_05_09_2025,true,1,-1,-1,-1,true
kb_cvs/aldersbach/logistic/rtls/v2/synaos/sc-aware-JQ6G0078/visualization,"{""headerId"":2426,""timestamp"":""2025-10-05T15:11:10.520854Z"",""version"":""2.0.0"",""manufacturer"":""synaos"",""serialNumber"":""sc-aware-JQ6G0078"",""agvPosition"":{""x"":138.819,""y"":74.943,""theta"":-0.6870918242074389,""mapId"":""KB_Forklift_05_09_2025"",""positionInitialized"":true,""localizationScore"":1},""velocity"":{""vx"":-1.6178361491738518,""vy"":-0.656506989723531,""omega"":-0.5321960799200398},""schemavalidation"":true}",false,0,1759677070633,2025-10-05 15:11:10.633,kb_cvs,aldersbach,logistic,rtls,v2,synaos,sc-aware-JQ6G0078,2426,2025-10-05T15:11:10.520854Z,2.0.0,synaos,sc-aware-JQ6G0078,139,75,-0.6870918242,KB_Forklift_05_09_2025,true,1,-2,-1,-1,true
kb_cvs/aldersbach/logistic/rtls/v2/synaos/sc-aware-JQ6G0078/visualization,"{""headerId"":2425,""timestamp"":""2025-10-05T15:11:09.453981Z"",""version"":""2.0.0"",""manufacturer"":""synaos"",""serialNumber"":""sc-aware-JQ6G0078"",""agvPosition"":{""x"":140.877,""y"":74.578,""theta"":-0.23777912115355093,""mapId"":""KB_Forklift_05_09_2025"",""positionInitialized"":true,""localizationScore"":1},""velocity"":{""vx"":-2.156737090990262,""vy"":-0.4808024079473952,""omega"":-0.38341923522556715},""schemavalidation"":true}",false,0,1759677069657,2025-10-05 15:11:09.657,kb_cvs,aldersbach,logistic,rtls,v2,synaos,sc-aware-JQ6G0078,2425,2025-10-05T15:11:09.453981Z,2.0.0,synaos,sc-aware-JQ6G0078,141,75,-0.2377791212,KB_Forklift_05_09_2025,true,1,-2,0,0,true
kb_cvs/aldersbach/logistic/rtls/v2/synaos/sc-aware-JQ6G0078/visualization,"{""headerId"":2424,""timestamp"":""2025-10-05T15:11:08.387199Z"",""version"":""2.0.0"",""manufacturer"":""synaos"",""serialNumber"":""sc-aware-JQ6G0078"",""agvPosition"":{""x"":143.476,""y"":74.77,""theta"":0.05804295354214073,""mapId"":""KB_Forklift_05_09_2025"",""positionInitialized"":true,""localizationScore"":1},""velocity"":{""vx"":-2.703078998954278,""vy"":-0.06373761787849737,""omega"":-0.11566054391907893},""schemavalidation"":true}",false,0,1759677068555,2025-10-05 15:11:08.555,kb_cvs,aldersbach,logistic,rtls,v2,synaos,sc-aware-JQ6G0078,2424,2025-10-05T15:11:08.387199Z,2.0.0,synaos,sc-aware-JQ6G0078,143,75,0.05804295354,KB_Forklift_05_09_2025,true,1,-3,0,0,true
kb_cvs/aldersbach/logistic/rtls/v2/synaos/sc-aware-JQ6G0078/visualization,"{""headerId"":2423,""timestamp"":""2025-10-05T15:11:07.386581Z"",""version"":""2.0.0"",""manufacturer"":""synaos"",""serialNumber"":""sc-aware-JQ6G0078"",""agvPosition"":{""x"":146.241,""y"":74.879,""theta"":0.09047025210523518,""mapId"":""KB_Forklift_05_09_2025"",""positionInitialized"":true,""localizationScore"":1},""velocity"":{""vx"":-2.886415093518546,""vy"":0.1354743009372212,""omega"":0.0033808862849514353},""schemavalidation"":true}",false,0,1759677067500,2025-10-05 15:11:07.500,kb_cvs,aldersbach,logistic,rtls,v2,synaos,sc-aware-JQ6G0078,2423,2025-10-05T15:11:07.386581Z,2.0.0,synaos,sc-aware-JQ6G0078,146,75,0.09047025211,KB_Forklift_05_09_2025,true,1,-3,0,0,true
kb_cvs/aldersbach/logistic/rtls/v2/synaos/sc-aware-JQ6G0078/visualization,"{""headerId"":2422,""timestamp"":""2025-10-05T15:11:06.321390Z"",""version"":""2.0.0"",""manufacturer"":""synaos"",""serialNumber"":""sc-aware-JQ6G0078"",""agvPosition"":{""x"":149.302,""y"":74.999,""theta"":0.06811333191195423,""mapId"":""KB_Forklift_05_09_2025"",""positionInitialized"":true,""localizationScore"":1},""velocity"":{""vx"":-2.9045986086267597,""vy"":0.1335210969008769,""omega"":0.03805700848510742},""schemavalidation"":true}",false,0,1759677066438,2025-10-05 15:11:06.438,kb_cvs,aldersbach,logistic,rtls,v2,synaos,sc-aware-JQ6G0078,2422,2025-10-05T15:11:06.321390Z,2.0.0,synaos,sc-aware-JQ6G0078,149,75,0.06811333191,KB_Forklift_05_09_2025,true,1,-3,0,0,true
kb_cvs/aldersbach/logistic/rtls/v2/synaos/sc-aware-JQ6G0078/visualization,"{""headerId"":2421,""timestamp"":""2025-10-05T15:11:05.253261Z"",""version"":""2.0.0"",""manufacturer"":""synaos"",""serialNumber"":""sc-aware-JQ6G0078"",""agvPosition"":{""x"":152.354,""y"":74.966,""theta"":0.02613546695772584,""mapId"":""KB_Forklift_05_09_2025"",""positionInitialized"":true,""localizationScore"":1},""velocity"":{""vx"":-2.85021048016257,""vy"":0.18203130939691287,""omega"":0.044920678994909966},""schemavalidation"":true}",false,0,1759677065413,2025-10-05 15:11:05.413,kb_cvs,aldersbach,logistic,rtls,v2,synaos,sc-aware-JQ6G0078,2421,2025-10-05T15:11:05.253261Z,2.0.0,synaos,sc-aware-JQ6G0078,152,75,0.02613546696,KB_Forklift_05_09_2025,true,1,-3,0,0,true
kb_cvs/aldersbach/logistic/rtls/v2/synaos/sc-aware-JQ6G0078/visualization,"{""headerId"":2420,""timestamp"":""2025-10-05T15:11:04.253399Z"",""version"":""2.0.0"",""manufacturer"":""synaos"",""serialNumber"":""sc-aware-JQ6G0078"",""agvPosition"":{""x"":155.189,""y"":74.777,""theta"":-0.02941958429261149,""mapId"":""KB_Forklift_05_09_2025"",""positionInitialized"":true,""localizationScore"":1},""velocity"":{""vx"":-2.8451106573836813,""vy"":0.2725532289544481,""omega"":0.09506691933807074},""schemavalidation"":true}",false,0,1759677064392,2025-10-05 15:11:04.392,kb_cvs,aldersbach,logistic,rtls,v2,synaos,sc-aware-JQ6G0078,2420,2025-10-05T15:11:04.253399Z,2.0.0,synaos,sc-aware-JQ6G0078,155,75,-0.02941958429,KB_Forklift_05_09_2025,true,1,-3,0,0,true
kb_cvs/aldersbach/logistic/rtls/v2/synaos/sc-aware-JQ6G0078/visualization,"{""headerId"":2419,""timestamp"":""2025-10-05T15:11:03.199776Z"",""version"":""2.0.0"",""manufacturer"":""synaos"",""serialNumber"":""sc-aware-JQ6G0078"",""agvPosition"":{""x"":158.087,""y"":74.138,""theta"":-0.1842456475892149,""mapId"":""KB_Forklift_05_09_2025"",""positionInitialized"":true,""localizationScore"":1},""velocity"":{""vx"":-2.6447782120430525,""vy"":0.31014269746938977,""omega"":0.2124987281786314},""schemavalidation"":true}",false,0,1759677063373,2025-10-05 15:11:03.373,kb_cvs,aldersbach,logistic,rtls,v2,synaos,sc-aware-JQ6G0078,2419,2025-10-05T15:11:03.199776Z,2.0.0,synaos,sc-aware-JQ6G0078,158,74,-0.1842456476,KB_Forklift_05_09_2025,true,1,-3,0,0,true
kb_cvs/aldersbach/logistic/rtls/v2/synaos/sc-aware-JQ6G0078/visualization,"{""headerId"":2418,""timestamp"":""2025-10-05T15:11:02.253553Z"",""version"":""2.0.0"",""manufacturer"":""synaos"",""serialNumber"":""sc-aware-JQ6G0078"",""agvPosition"":{""x"":160.323,""y"":73.069,""theta"":-0.38285625630952147,""mapId"":""KB_Forklift_05_09_2025"",""positionInitialized"":true,""localizationScore"":1},""velocity"":{""vx"":-2.5419495949071402,""vy"":0.30297317093647735,""omega"":0.16007468570487815},""schemavalidation"":true}",false,0,1759677062367,2025-10-05 15:11:02.367,kb_cvs,aldersbach,logistic,rtls,v2,synaos,sc-aware-JQ6G0078,2418,2025-10-05T15:11:02.253553Z,2.0.0,synaos,sc-aware-JQ6G0078,160,73,-0.3828562563,KB_Forklift_05_09_2025,true,1,-3,0,0,true
kb_cvs/aldersbach/logistic/rtls/v2/synaos/sc-aware-JQ6G0078/visualization,"{""headerId"":2417,""timestamp"":""2025-10-05T15:11:01.186642Z"",""version"":""2.0.0"",""manufacturer"":""synaos"",""serialNumber"":""sc-aware-JQ6G0078"",""agvPosition"":{""x"":162.383,""y"":71.96,""theta"":-0.41294421991012875,""mapId"":""KB_Forklift_05_09_2025"",""positionInitialized"":true,""localizationScore"":1},""velocity"":{""vx"":-1.6909150580294343,""vy"":-0.2257354428496743,""omega"":-0.2950737451208642},""schemavalidation"":true}",false,0,1759677061347,2025-10-05 15:11:01.347,kb_cvs,aldersbach,logistic,rtls,v2,synaos,sc-aware-JQ6G0078,2417,2025-10-05T15:11:01.186642Z,2.0.0,synaos,sc-aware-JQ6G0078,162,72,-0.4129442199,KB_Forklift_05_09_2025,true,1,-2,0,0,true
kb_cvs/aldersbach/logistic/rtls/v2/synaos/sc-aware-JQ6G0078/visualization,"{""headerId"":2416,""timestamp"":""2025-10-05T15:11:00.187574Z"",""version"":""2.0.0"",""manufacturer"":""synaos"",""serialNumber"":""sc-aware-JQ6G0078"",""agvPosition"":{""x"":163.578,""y"":72.467,""theta"":0.21543751424464475,""mapId"":""KB_Forklift_05_09_2025"",""positionInitialized"":true,""localizationScore"":1},""velocity"":{""vx"":-0.6424311318072053,""vy"":-1.0653204675470438,""omega"":-0.9071317809610195},""schemavalidation"":true}",false,0,1759677060329,2025-10-05 15:11:00.329,kb_cvs,aldersbach,logistic,rtls,v2,synaos,sc-aware-JQ6G0078,2416,2025-10-05T15:11:00.187574Z,2.0.0,synaos,sc-aware-JQ6G0078,164,72,0.2154375142,KB_Forklift_05_09_2025,true,1,-1,-1,-1,true
kb_cvs/aldersbach/logistic/rtls/v2/synaos/sc-aware-JQ6G0078/visualization,"{""headerId"":2415,""timestamp"":""2025-10-05T15:10:59.120321Z"",""version"":""2.0.0"",""manufacturer"":""synaos"",""serialNumber"":""sc-aware-JQ6G0078"",""agvPosition"":{""x"":163.231,""y"":73.457,""theta"":1.1007510526523383,""mapId"":""KB_Forklift_05_09_2025"",""positionInitialized"":true,""localizationScore"":1},""velocity"":{""vx"":-0.2157296275693821,""vy"":-0.6916366514562596,""omega"":-0.5955032962456038},""schemavalidation"":true}",false,0,1759677059270,2025-10-05 15:10:59.270,kb_cvs,aldersbach,logistic,rtls,v2,synaos,sc-aware-JQ6G0078,2415,2025-10-05T15:10:59.120321Z,2.0.0,synaos,sc-aware-JQ6G0078,163,73,1.100751053,KB_Forklift_05_09_2025,true,1,0,-1,-1,true
kb_cvs/aldersbach/logistic/rtls/v2/synaos/sc-aware-JQ6G0078/visualization,"{""headerId"":2414,""timestamp"":""2025-10-05T15:10:58.055613Z"",""version"":""2.0.0"",""manufacturer"":""synaos"",""serialNumber"":""sc-aware-JQ6G0078"",""agvPosition"":{""x"":162.824,""y"":73.804,""theta"":1.4924988021334302,""mapId"":""KB_Forklift_05_09_2025"",""positionInitialized"":true,""localizationScore"":1},""velocity"":{""vx"":-0.20534925075302254,""vy"":-0.20344663873730354,""omega"":-0.1808197534799025},""schemavalidation"":true}",false,0,1759677058184,2025-10-05 15:10:58.184,kb_cvs,aldersbach,logistic,rtls,v2,synaos,sc-aware-JQ6G0078,2414,2025-10-05T15:10:58.055613Z,2.0.0,synaos,sc-aware-JQ6G0078,163,74,1.492498802,KB_Forklift_05_09_2025,true,1,0,0,0,true
kb_cvs/aldersbach/logistic/rtls/v2/synaos/sc-aware-JQ6G0078/visualization,"{""headerId"":2413,""timestamp"":""2025-10-05T15:10:56.987128Z"",""version"":""2.0.0"",""manufacturer"":""synaos"",""serialNumber"":""sc-aware-JQ6G0078"",""agvPosition"":{""x"":162.737,""y"":74.147,""theta"":1.5792577616076657,""mapId"":""KB_Forklift_05_09_2025"",""positionInitialized"":true,""localizationScore"":1},""velocity"":{""vx"":-0.40771323362468515,""vy"":-0.006074539889219968,""omega"":-0.011976599119348928},""schemavalidation"":true}",false,0,1759677057132,2025-10-05 15:10:57.132,kb_cvs,aldersbach,logistic,rtls,v2,synaos,sc-aware-JQ6G0078,2413,2025-10-05T15:10:56.987128Z,2.0.0,synaos,sc-aware-JQ6G0078,163,74,1.579257762,KB_Forklift_05_09_2025,true,1,0,0,0,true
kb_cvs/aldersbach/logistic/rtls/v2/synaos/sc-aware-JQ6G0078/visualization,"{""headerId"":2412,""timestamp"":""2025-10-05T15:10:55.921830Z"",""version"":""2.0.0"",""manufacturer"":""synaos"",""serialNumber"":""sc-aware-JQ6G0078"",""agvPosition"":{""x"":162.746,""y"":74.448,""theta"":1.577655465769864,""mapId"":""KB_Forklift_05_09_2025"",""positionInitialized"":true,""localizationScore"":1},""velocity"":{""vx"":0.009794679576991044,""vy"":-0.009136577133405398,""omega"":0.0016420318038776784},""schemavalidation"":true}",false,0,1759677056072,2025-10-05 15:10:56.072,kb_cvs,aldersbach,logistic,rtls,v2,synaos,sc-aware-JQ6G0078,2412,2025-10-05T15:10:55.921830Z,2.0.0,synaos,sc-aware-JQ6G0078,163,74,1.577655466,KB_Forklift_05_09_2025,true,1,0,0,0,true
kb_cvs/aldersbach/logistic/rtls/v2/synaos/sc-aware-JQ6G0078/visualization,"{""headerId"":2411,""timestamp"":""2025-10-05T15:10:54.920271Z"",""version"":""2.0.0"",""manufacturer"":""synaos"",""serialNumber"":""sc-aware-JQ6G0078"",""agvPosition"":{""x"":162.726,""y"":73.86,""theta"":1.5859420237592121,""mapId"":""KB_Forklift_05_09_2025"",""positionInitialized"":true,""localizationScore"":1},""velocity"":{""vx"":0.8835448193478742,""vy"":-0.03625005393434453,""omega"":-0.010914990366054558},""schemavalidation"":true}",false,0,1759677055049,2025-10-05 15:10:55.049,kb_cvs,aldersbach,logistic,rtls,v2,synaos,sc-aware-JQ6G0078,2411,2025-10-05T15:10:54.920271Z,2.0.0,synaos,sc-aware-JQ6G0078,163,74,1.585942024,KB_Forklift_05_09_2025,true,1,1,0,0,true
kb_cvs/aldersbach/logistic/rtls/v2/synaos/sc-aware-JQ6G0078/visualization,"{""headerId"":2410,""timestamp"":""2025-10-05T15:10:53.854796Z"",""version"":""2.0.0"",""manufacturer"":""synaos"",""serialNumber"":""sc-aware-JQ6G0078"",""agvPosition"":{""x"":162.706,""y"":73.257,""theta"":1.5890625475843705,""mapId"":""KB_Forklift_05_09_2025"",""positionInitialized"":true,""localizationScore"":1},""velocity"":{""vx"":0.20907240114485318,""vy"":-0.004359501242651602,""omega"":0.003019967366699139},""schemavalidation"":true}",false,0,1759677054020,2025-10-05 15:10:54.020,kb_cvs,aldersbach,logistic,rtls,v2,synaos,sc-aware-JQ6G0078,2410,2025-10-05T15:10:53.854796Z,2.0.0,synaos,sc-aware-JQ6G0078,163,73,1.589062548,KB_Forklift_05_09_2025,true,1,0,0,0,true
kb_cvs/aldersbach/logistic/rtls/v2/synaos/sc-aware-JQ6G0078/visualization,"{""headerId"":2409,""timestamp"":""2025-10-05T15:10:52.854944Z"",""version"":""2.0.0"",""manufacturer"":""synaos"",""serialNumber"":""sc-aware-JQ6G0078"",""agvPosition"":{""x"":162.725,""y"":73.272,""theta"":1.5765968316677104,""mapId"":""KB_Forklift_05_09_2025"",""positionInitialized"":true,""localizationScore"":1},""velocity"":{""vx"":0.010128182741475712,""vy"":0.0022755834704491517,""omega"":-0.0003170986886574043},""schemavalidation"":true}",false,0,1759677052990,2025-10-05 15:10:52.990,kb_cvs,aldersbach,logistic,rtls,v2,synaos,sc-aware-JQ6G0078,2409,2025-10-05T15:10:52.854944Z,2.0.0,synaos,sc-aware-JQ6G0078,163,73,1.576596832,KB_Forklift_05_09_2025,true,1,0,0,0,true
kb_cvs/aldersbach/logistic/rtls/v2/synaos/sc-aware-JQ6G0078/visualization,"{""headerId"":2408,""timestamp"":""2025-10-05T15:10:51.787198Z"",""version"":""2.0.0"",""manufacturer"":""synaos"",""serialNumber"":""sc-aware-JQ6G0078"",""agvPosition"":{""x"":162.728,""y"":73.448,""theta"":1.579910054126421,""mapId"":""KB_Forklift_05_09_2025"",""positionInitialized"":true,""localizationScore"":1},""velocity"":{""vx"":-0.4148410397855176,""vy"":0.008909730055960388,""omega"":-0.010238566382680985},""schemavalidation"":true}",false,0,1759677051930,2025-10-05 15:10:51.930,kb_cvs,aldersbach,logistic,rtls,v2,synaos,sc-aware-JQ6G0078,2408,2025-10-05T15:10:51.787198Z,2.0.0,synaos,sc-aware-JQ6G0078,163,73,1.579910054,KB_Forklift_05_09_2025,true,1,0,0,0,true
kb_cvs/aldersbach/logistic/rtls/v2/synaos/sc-aware-JQ6G0078/visualization,"{""headerId"":2407,""timestamp"":""2025-10-05T15:10:50.785253Z"",""version"":""2.0.0"",""manufacturer"":""synaos"",""serialNumber"":""sc-aware-JQ6G0078"",""agvPosition"":{""x"":162.748,""y"":73.981,""theta"":1.5865691552929433,""mapId"":""KB_Forklift_05_09_2025"",""positionInitialized"":true,""localizationScore"":1},""velocity"":{""vx"":-0.5453441280081484,""vy"":0.057781416650433966,""omega"":0.017698172332376454},""schemavalidation"":true}",false,0,1759677050911,2025-10-05 15:10:50.911,kb_cvs,aldersbach,logistic,rtls,v2,synaos,sc-aware-JQ6G0078,2407,2025-10-05T15:10:50.785253Z,2.0.0,synaos,sc-aware-JQ6G0078,163,74,1.586569155,KB_Forklift_05_09_2025,true,1,-1,0,0,true
kb_cvs/aldersbach/logistic/rtls/v2/synaos/sc-aware-JQ6G0078/visualization,"{""headerId"":2406,""timestamp"":""2025-10-05T15:10:49.718354Z"",""version"":""2.0.0"",""manufacturer"":""synaos"",""serialNumber"":""sc-aware-JQ6G0078"",""agvPosition"":{""x"":162.949,""y"":74.617,""theta"":1.4269892621022813,""mapId"":""KB_Forklift_05_09_2025"",""positionInitialized"":true,""localizationScore"":1},""velocity"":{""vx"":-0.7813393397734224,""vy"":0.7144380961917439,""omega"":0.6237286993148226},""schemavalidation"":true}",false,0,1759677049852,2025-10-05 15:10:49.852,kb_cvs,aldersbach,logistic,rtls,v2,synaos,sc-aware-JQ6G0078,2406,2025-10-05T15:10:49.718354Z,2.0.0,synaos,sc-aware-JQ6G0078,163,75,1.426989262,KB_Forklift_05_09_2025,true,1,-1,1,1,true
kb_cvs/aldersbach/logistic/rtls/v2/synaos/sc-aware-JQ6G0078/visualization,"{""headerId"":2405,""timestamp"":""2025-10-05T15:10:48.652973Z"",""version"":""2.0.0"",""manufacturer"":""synaos"",""serialNumber"":""sc-aware-JQ6G0078"",""agvPosition"":{""x"":165.153,""y"":75.038,""theta"":0.44668183650154525,""mapId"":""KB_Forklift_05_09_2025"",""positionInitialized"":true,""localizationScore"":1},""velocity"":{""vx"":-2.508427514568705,""vy"":1.1856762691135907,""omega"":0.7352421173735839},""schemavalidation"":true}",false,0,1759677048794,2025-10-05 15:10:48.794,kb_cvs,aldersbach,logistic,rtls,v2,synaos,sc-aware-JQ6G0078,2405,2025-10-05T15:10:48.652973Z,2.0.0,synaos,sc-aware-JQ6G0078,165,75,0.4466818365,KB_Forklift_05_09_2025,true,1,-3,1,1,true
kb_cvs/aldersbach/logistic/rtls/v2/synaos/sc-aware-JQ6G0078/visualization,"{""headerId"":2404,""timestamp"":""2025-10-05T15:10:47.588645Z"",""version"":""2.0.0"",""manufacturer"":""synaos"",""serialNumber"":""sc-aware-JQ6G0078"",""agvPosition"":{""x"":168.077,""y"":74.941,""theta"":0.06406970220871244,""mapId"":""KB_Forklift_05_09_2025"",""positionInitialized"":true,""localizationScore"":1},""velocity"":{""vx"":-2.6354124581739478,""vy"":0.20677844985268756,""omega"":0.1308661304144182},""schemavalidation"":true}",false,0,1759677047746,2025-10-05 15:10:47.746,kb_cvs,aldersbach,logistic,rtls,v2,synaos,sc-aware-JQ6G0078,2404,2025-10-05T15:10:47.588645Z,2.0.0,synaos,sc-aware-JQ6G0078,168,75,0.06406970221,KB_Forklift_05_09_2025,true,1,-3,0,0,true
kb_cvs/aldersbach/logistic/rtls/v2/synaos/sc-aware-JQ6G0078/visualization,"{""headerId"":2403,""timestamp"":""2025-10-05T15:10:46.519891Z"",""version"":""2.0.0"",""manufacturer"":""synaos"",""serialNumber"":""sc-aware-JQ6G0078"",""agvPosition"":{""x"":170.66,""y"":74.527,""theta"":-0.10015962371286946,""mapId"":""KB_Forklift_05_09_2025"",""positionInitialized"":true,""localizationScore"":1},""velocity"":{""vx"":-1.8684184725610604,""vy"":0.4552723676516396,""omega"":0.3140375065753621},""schemavalidation"":true}",false,0,1759677046652,2025-10-05 15:10:46.652,kb_cvs,aldersbach,logistic,rtls,v2,synaos,sc-aware-JQ6G0078,2403,2025-10-05T15:10:46.519891Z,2.0.0,synaos,sc-aware-JQ6G0078,171,75,-0.1001596237,KB_Forklift_05_09_2025,true,1,-2,0,0,true
kb_cvs/aldersbach/logistic/rtls/v2/synaos/sc-aware-JQ6G0078/visualization,"{""headerId"":2402,""timestamp"":""2025-10-05T15:10:45.453229Z"",""version"":""2.0.0"",""manufacturer"":""synaos"",""serialNumber"":""sc-aware-JQ6G0078"",""agvPosition"":{""x"":171.318,""y"":73.242,""theta"":-0.885968814926958,""mapId"":""KB_Forklift_05_09_2025"",""positionInitialized"":true,""localizationScore"":1},""velocity"":{""vx"":-0.35360333259683735,""vy"":1.5572185615814957,""omega"":1.2585756322116899},""schemavalidation"":true}",false,0,1759677045592,2025-10-05 15:10:45.592,kb_cvs,aldersbach,logistic,rtls,v2,synaos,sc-aware-JQ6G0078,2402,2025-10-05T15:10:45.453229Z,2.0.0,synaos,sc-aware-JQ6G0078,171,73,-0.8859688149,KB_Forklift_05_09_2025,true,1,0,2,1,true
kb_cvs/aldersbach/logistic/rtls/v2/synaos/sc-aware-JQ6G0078/visualization,"{""headerId"":2401,""timestamp"":""2025-10-05T15:10:44.387323Z"",""version"":""2.0.0"",""manufacturer"":""synaos"",""serialNumber"":""sc-aware-JQ6G0078"",""agvPosition"":{""x"":169.54,""y"":73.138,""theta"":-2.429173073196016,""mapId"":""KB_Forklift_05_09_2025"",""positionInitialized"":true,""localizationScore"":1},""velocity"":{""vx"":-0.7871945218075113,""vy"":1.6390944484983998,""omega"":1.2655293674277868},""schemavalidation"":true}",false,0,1759677044527,2025-10-05 15:10:44.527,kb_cvs,aldersbach,logistic,rtls,v2,synaos,sc-aware-JQ6G0078,2401,2025-10-05T15:10:44.387323Z,2.0.0,synaos,sc-aware-JQ6G0078,170,73,-2.429173073,KB_Forklift_05_09_2025,true,1,-1,2,1,true
kb_cvs/aldersbach/logistic/rtls/v2/synaos/sc-aware-JQ6G0078/visualization,"{""headerId"":2400,""timestamp"":""2025-10-05T15:10:43.319643Z"",""version"":""2.0.0"",""manufacturer"":""synaos"",""serialNumber"":""sc-aware-JQ6G0078"",""agvPosition"":{""x"":167.485,""y"":73.904,""theta"":3.089183253853249,""mapId"":""KB_Forklift_05_09_2025"",""positionInitialized"":true,""localizationScore"":1},""velocity"":{""vx"":-2.1929052584729947,""vy"":0.22799632186114782,""omega"":0.005210719498096354},""schemavalidation"":true}",false,0,1759677043468,2025-10-05 15:10:43.468,kb_cvs,aldersbach,logistic,rtls,v2,synaos,sc-aware-JQ6G0078,2400,2025-10-05T15:10:43.319643Z,2.0.0,synaos,sc-aware-JQ6G0078,167,74,3.089183254,KB_Forklift_05_09_2025,true,1,-2,0,0,true
kb_cvs/aldersbach/logistic/rtls/v2/synaos/sc-aware-JQ6G0078/visualization,"{""headerId"":2399,""timestamp"":""2025-10-05T15:10:42.186274Z"",""version"":""2.0.0"",""manufacturer"":""synaos"",""serialNumber"":""sc-aware-JQ6G0078"",""agvPosition"":{""x"":165.305,""y"":73.072,""theta"":-2.7502605449346462,""mapId"":""KB_Forklift_05_09_2025"",""positionInitialized"":true,""localizationScore"":1},""velocity"":{""vx"":-2.0358739855050008,""vy"":-0.5122213121475861,""omega"":-0.32980755126990846},""schemavalidation"":true}",false,0,1759677042370,2025-10-05 15:10:42.370,kb_cvs,aldersbach,logistic,rtls,v2,synaos,sc-aware-JQ6G0078,2399,2025-10-05T15:10:42.186274Z,2.0.0,synaos,sc-aware-JQ6G0078,165,73,-2.750260545,KB_Forklift_05_09_2025,true,1,-2,-1,0,true
kb_cvs/aldersbach/logistic/rtls/v2/synaos/sc-aware-JQ6G0078/visualization,"{""headerId"":2398,""timestamp"":""2025-10-05T15:10:41.127905Z"",""version"":""2.0.0"",""manufacturer"":""synaos"",""serialNumber"":""sc-aware-JQ6G0078"",""agvPosition"":{""x"":163.229,""y"":72.605,""theta"":-2.906753623603401,""mapId"":""KB_Forklift_05_09_2025"",""positionInitialized"":true,""localizationScore"":1},""velocity"":{""vx"":-1.8612494515703994,""vy"":0.5217979639623077,""omega"":0.2882755427697747},""schemavalidation"":true}",false,0,1759677041277,2025-10-05 15:10:41.277,kb_cvs,aldersbach,logistic,rtls,v2,synaos,sc-aware-JQ6G0078,2398,2025-10-05T15:10:41.127905Z,2.0.0,synaos,sc-aware-JQ6G0078,163,73,-2.906753624,KB_Forklift_05_09_2025,true,1,-2,1,0,true
kb_cvs/aldersbach/logistic/rtls/v2/synaos/sc-aware-JQ6G0078/visualization,"{""headerId"":2397,""timestamp"":""2025-10-05T15:10:40.118332Z"",""version"":""2.0.0"",""manufacturer"":""synaos"",""serialNumber"":""sc-aware-JQ6G0078"",""agvPosition"":{""x"":161.906,""y"":73.125,""theta"":2.9200233383855982,""mapId"":""KB_Forklift_05_09_2025"",""positionInitialized"":true,""localizationScore"":1},""velocity"":{""vx"":-0.7050331741527107,""vy"":1.0055508909771333,""omega"":0.7656524519122431},""schemavalidation"":true}",false,0,1759677040253,2025-10-05 15:10:40.253,kb_cvs,aldersbach,logistic,rtls,v2,synaos,sc-aware-JQ6G0078,2397,2025-10-05T15:10:40.118332Z,2.0.0,synaos,sc-aware-JQ6G0078,162,73,2.920023338,KB_Forklift_05_09_2025,true,1,-1,1,1,true
kb_cvs/aldersbach/logistic/rtls/v2/synaos/sc-aware-JQ6G0078/visualization,"{""headerId"":2396,""timestamp"":""2025-10-05T15:10:39.053195Z"",""version"":""2.0.0"",""manufacturer"":""synaos"",""serialNumber"":""sc-aware-JQ6G0078"",""agvPosition"":{""x"":162.456,""y"":74.269,""theta"":1.8360668809609764,""mapId"":""KB_Forklift_05_09_2025"",""positionInitialized"":true,""localizationScore"":1},""velocity"":{""vx"":-0.21618043247142937,""vy"":1.4701290289890225,""omega"":1.2005868668709911},""schemavalidation"":true}",false,0,1759677039194,2025-10-05 15:10:39.194,kb_cvs,aldersbach,logistic,rtls,v2,synaos,sc-aware-JQ6G0078,2396,2025-10-05T15:10:39.053195Z,2.0.0,synaos,sc-aware-JQ6G0078,162,74,1.836066881,KB_Forklift_05_09_2025,true,1,0,1,1,true
kb_cvs/aldersbach/logistic/rtls/v2/synaos/sc-aware-JQ6G0078/visualization,"{""headerId"":2395,""timestamp"":""2025-10-05T15:10:37.986163Z"",""version"":""2.0.0"",""manufacturer"":""synaos"",""serialNumber"":""sc-aware-JQ6G0078"",""agvPosition"":{""x"":163.98,""y"":74.516,""theta"":0.7793236664620524,""mapId"":""KB_Forklift_05_09_2025"",""positionInitialized"":true,""localizationScore"":1},""velocity"":{""vx"":-1.0274580125167891,""vy"":0.8574802408464365,""omega"":0.6560611877274679},""schemavalidation"":true}",false,0,1759677038172,2025-10-05 15:10:38.172,kb_cvs,aldersbach,logistic,rtls,v2,synaos,sc-aware-JQ6G0078,2395,2025-10-05T15:10:37.986163Z,2.0.0,synaos,sc-aware-JQ6G0078,164,75,0.7793236665,KB_Forklift_05_09_2025,true,1,-1,1,1,true
kb_cvs/aldersbach/logistic/rtls/v2/synaos/sc-aware-JQ6G0078/visualization,"{""headerId"":2394,""timestamp"":""2025-10-05T15:10:36.922193Z"",""version"":""2.0.0"",""manufacturer"":""synaos"",""serialNumber"":""sc-aware-JQ6G0078"",""agvPosition"":{""x"":165.461,""y"":74.473,""theta"":0.2474064727736618,""mapId"":""KB_Forklift_05_09_2025"",""positionInitialized"":true,""localizationScore"":1},""velocity"":{""vx"":-1.9613514225418447,""vy"":0.5789582714483227,""omega"":0.3370239227095091},""schemavalidation"":true}",false,0,1759677037108,2025-10-05 15:10:37.108,kb_cvs,aldersbach,logistic,rtls,v2,synaos,sc-aware-JQ6G0078,2394,2025-10-05T15:10:36.922193Z,2.0.0,synaos,sc-aware-JQ6G0078,165,74,0.2474064728,KB_Forklift_05_09_2025,true,1,-2,1,0,true
kb_cvs/aldersbach/logistic/rtls/v2/synaos/sc-aware-JQ6G0078/visualization,"{""headerId"":2393,""timestamp"":""2025-10-05T15:10:35.921648Z"",""version"":""2.0.0"",""manufacturer"":""synaos"",""serialNumber"":""sc-aware-JQ6G0078"",""agvPosition"":{""x"":167.693,""y"":74.005,""theta"":-0.12659720477931558,""mapId"":""KB_Forklift_05_09_2025"",""positionInitialized"":true,""localizationScore"":1},""velocity"":{""vx"":-2.425795567708999,""vy"":0.7184350510265801,""omega"":0.41009020678158503},""schemavalidation"":true}",false,0,1759677036079,2025-10-05 15:10:36.079,kb_cvs,aldersbach,logistic,rtls,v2,synaos,sc-aware-JQ6G0078,2393,2025-10-05T15:10:35.921648Z,2.0.0,synaos,sc-aware-JQ6G0078,168,74,-0.1265972048,KB_Forklift_05_09_2025,true,1,-2,1,0,true
kb_cvs/aldersbach/logistic/rtls/v2/synaos/sc-aware-JQ6G0078/visualization,"{""headerId"":2392,""timestamp"":""2025-10-05T15:10:34.853626Z"",""version"":""2.0.0"",""manufacturer"":""synaos"",""serialNumber"":""sc-aware-JQ6G0078"",""agvPosition"":{""x"":169.65,""y"":72.717,""theta"":-0.5083523360418774,""mapId"":""KB_Forklift_05_09_2025"",""positionInitialized"":true,""localizationScore"":1},""velocity"":{""vx"":-1.7874422485298225,""vy"":0.5876058491846194,""omega"":0.40139824036304694},""schemavalidation"":true}",false,0,1759677035020,2025-10-05 15:10:35.020,kb_cvs,aldersbach,logistic,rtls,v2,synaos,sc-aware-JQ6G0078,2392,2025-10-05T15:10:34.853626Z,2.0.0,synaos,sc-aware-JQ6G0078,170,73,-0.508352336,KB_Forklift_05_09_2025,true,1,-2,1,0,true
kb_cvs/aldersbach/logistic/rtls/v2/synaos/sc-aware-JQ6G0078/visualization,"{""headerId"":2391,""timestamp"":""2025-10-05T15:10:33.789983Z"",""version"":""2.0.0"",""manufacturer"":""synaos"",""serialNumber"":""sc-aware-JQ6G0078"",""agvPosition"":{""x"":170.306,""y"":70.897,""theta"":-1.0834948712362893,""mapId"":""KB_Forklift_05_09_2025"",""positionInitialized"":true,""localizationScore"":1},""velocity"":{""vx"":-1.6222054403840784,""vy"":0.8262268845117651,""omega"":0.5635412225157491},""schemavalidation"":true}",false,0,1759677033926,2025-10-05 15:10:33.926,kb_cvs,aldersbach,logistic,rtls,v2,synaos,sc-aware-JQ6G0078,2391,2025-10-05T15:10:33.789983Z,2.0.0,synaos,sc-aware-JQ6G0078,170,71,-1.083494871,KB_Forklift_05_09_2025,true,1,-2,1,1,true
kb_cvs/aldersbach/logistic/rtls/v2/synaos/sc-aware-JQ6G0078/visualization,"{""headerId"":2390,""timestamp"":""2025-10-05T15:10:32.719848Z"",""version"":""2.0.0"",""manufacturer"":""synaos"",""serialNumber"":""sc-aware-JQ6G0078"",""agvPosition"":{""x"":169.934,""y"":69.104,""theta"":-1.616487502995538,""mapId"":""KB_Forklift_05_09_2025"",""positionInitialized"":true,""localizationScore"":1},""velocity"":{""vx"":-1.7588193057799122,""vy"":0.6828606050766239,""omega"":0.47463928875482},""schemavalidation"":true}",false,0,1759677032870,2025-10-05 15:10:32.870,kb_cvs,aldersbach,logistic,rtls,v2,synaos,sc-aware-JQ6G0078,2390,2025-10-05T15:10:32.719848Z,2.0.0,synaos,sc-aware-JQ6G0078,170,69,-1.616487503,KB_Forklift_05_09_2025,true,1,-2,1,0,true
kb_cvs/aldersbach/logistic/rtls/v2/synaos/sc-aware-JQ6G0078/visualization,"{""headerId"":2389,""timestamp"":""2025-10-05T15:10:31.653546Z"",""version"":""2.0.0"",""manufacturer"":""synaos"",""serialNumber"":""sc-aware-JQ6G0078"",""agvPosition"":{""x"":168.496,""y"":67.474,""theta"":-2.1750125633559554,""mapId"":""KB_Forklift_05_09_2025"",""positionInitialized"":true,""localizationScore"":1},""velocity"":{""vx"":-2.1985526087257,""vy"":0.9664698710824906,""omega"":0.6145871231288126},""schemavalidation"":true}",false,0,1759677031772,2025-10-05 15:10:31.772,kb_cvs,aldersbach,logistic,rtls,v2,synaos,sc-aware-JQ6G0078,2389,2025-10-05T15:10:31.653546Z,2.0.0,synaos,sc-aware-JQ6G0078,168,67,-2.175012563,KB_Forklift_05_09_2025,true,1,-2,1,1,true
kb_cvs/aldersbach/logistic/rtls/v2/synaos/sc-aware-JQ6G0078/visualization,"{""headerId"":2388,""timestamp"":""2025-10-05T15:10:30.591482Z"",""version"":""2.0.0"",""manufacturer"":""synaos"",""serialNumber"":""sc-aware-JQ6G0078"",""agvPosition"":{""x"":165.963,""y"":66.52,""theta"":-2.687978416868498,""mapId"":""KB_Forklift_05_09_2025"",""positionInitialized"":true,""localizationScore"":1},""velocity"":{""vx"":-2.339246500029837,""vy"":0.4281252280117055,""omega"":0.24432533537187054},""schemavalidation"":true}",false,0,1759677030715,2025-10-05 15:10:30.715,kb_cvs,aldersbach,logistic,rtls,v2,synaos,sc-aware-JQ6G0078,2388,2025-10-05T15:10:30.591482Z,2.0.0,synaos,sc-aware-JQ6G0078,166,67,-2.687978417,KB_Forklift_05_09_2025,true,1,-2,0,0,true
kb_cvs/aldersbach/logistic/rtls/v2/synaos/sc-aware-JQ6G0078/visualization,"{""headerId"":2387,""timestamp"":""2025-10-05T15:10:29.519683Z"",""version"":""2.0.0"",""manufacturer"":""synaos"",""serialNumber"":""sc-aware-JQ6G0078"",""agvPosition"":{""x"":164.167,""y"":65.754,""theta"":-2.630448340883426,""mapId"":""KB_Forklift_05_09_2025"",""positionInitialized"":true,""localizationScore"":1},""velocity"":{""vx"":-1.179171374260974,""vy"":-0.606238602843722,""omega"":-0.5777942711993304},""schemavalidation"":true}",false,0,1759677029657,2025-10-05 15:10:29.657,kb_cvs,aldersbach,logistic,rtls,v2,synaos,sc-aware-JQ6G0078,2387,2025-10-05T15:10:29.519683Z,2.0.0,synaos,sc-aware-JQ6G0078,164,66,-2.630448341,KB_Forklift_05_09_2025,true,1,-1,-1,-1,true
kb_cvs/aldersbach/logistic/rtls/v2/synaos/sc-aware-JQ6G0078/visualization,"{""headerId"":2386,""timestamp"":""2025-10-05T15:10:28.452857Z"",""version"":""2.0.0"",""manufacturer"":""synaos"",""serialNumber"":""sc-aware-JQ6G0078"",""agvPosition"":{""x"":164.678,""y"":64.821,""theta"":-1.722423271660313,""mapId"":""KB_Forklift_05_09_2025"",""positionInitialized"":true,""localizationScore"":1},""velocity"":{""vx"":-0.15789705164693354,""vy"":-0.7786016085863526,""omega"":-0.6102471582030415},""schemavalidation"":true}",false,0,1759677028604,2025-10-05 15:10:28.604,kb_cvs,aldersbach,logistic,rtls,v2,synaos,sc-aware-JQ6G0078,2386,2025-10-05T15:10:28.452857Z,2.0.0,synaos,sc-aware-JQ6G0078,165,65,-1.722423272,KB_Forklift_05_09_2025,true,1,0,-1,-1,true
kb_cvs/aldersbach/logistic/rtls/v2/synaos/sc-aware-JQ6G0078/visualization,"{""headerId"":2385,""timestamp"":""2025-10-05T15:10:27.455325Z"",""version"":""2.0.0"",""manufacturer"":""synaos"",""serialNumber"":""sc-aware-JQ6G0078"",""agvPosition"":{""x"":164.951,""y"":64.661,""theta"":-1.4918505522812637,""mapId"":""KB_Forklift_05_09_2025"",""positionInitialized"":true,""localizationScore"":1},""velocity"":{""vx"":0.14515546626318876,""vy"":0.07602843610522553,""omega"":0.06498599161400594},""schemavalidation"":true}",false,0,1759677027588,2025-10-05 15:10:27.588,kb_cvs,aldersbach,logistic,rtls,v2,synaos,sc-aware-JQ6G0078,2385,2025-10-05T15:10:27.455325Z,2.0.0,synaos,sc-aware-JQ6G0078,165,65,-1.491850552,KB_Forklift_05_09_2025,true,1,0,0,0,true
kb_cvs/aldersbach/logistic/rtls/v2/synaos/sc-aware-JQ6G0078/visualization,"{""headerId"":2384,""timestamp"":""2025-10-05T15:10:26.387915Z"",""version"":""2.0.0"",""manufacturer"":""synaos"",""serialNumber"":""sc-aware-JQ6G0078"",""agvPosition"":{""x"":164.908,""y"":65.23,""theta"":-1.51337655318554,""mapId"":""KB_Forklift_05_09_2025"",""positionInitialized"":true,""localizationScore"":1},""velocity"":{""vx"":0.8218367486478406,""vy"":-0.07498346478280485,""omega"":-0.028751742860888295},""schemavalidation"":true}",false,0,1759677026524,2025-10-05 15:10:26.524,kb_cvs,aldersbach,logistic,rtls,v2,synaos,sc-aware-JQ6G0078,2384,2025-10-05T15:10:26.387915Z,2.0.0,synaos,sc-aware-JQ6G0078,165,65,-1.513376553,KB_Forklift_05_09_2025,true,1,1,0,0,true
kb_cvs/aldersbach/logistic/rtls/v2/synaos/sc-aware-JQ6G0078/visualization,"{""headerId"":2383,""timestamp"":""2025-10-05T15:10:25.389428Z"",""version"":""2.0.0"",""manufacturer"":""synaos"",""serialNumber"":""sc-aware-JQ6G0078"",""agvPosition"":{""x"":164.911,""y"":65.744,""theta"":-1.5028425030827721,""mapId"":""KB_Forklift_05_09_2025"",""positionInitialized"":true,""localizationScore"":1},""velocity"":{""vx"":0.07888689245834878,""vy"":0.00025409808964183884,""omega"":0.004874229367656689},""schemavalidation"":true}",false,0,1759677025507,2025-10-05 15:10:25.507,kb_cvs,aldersbach,logistic,rtls,v2,synaos,sc-aware-JQ6G0078,2383,2025-10-05T15:10:25.389428Z,2.0.0,synaos,sc-aware-JQ6G0078,165,66,-1.502842503,KB_Forklift_05_09_2025,true,1,0,0,0,true
kb_cvs/aldersbach/logistic/rtls/v2/synaos/sc-aware-JQ6G0078/visualization,"{""headerId"":2382,""timestamp"":""2025-10-05T15:10:24.319916Z"",""version"":""2.0.0"",""manufacturer"":""synaos"",""serialNumber"":""sc-aware-JQ6G0078"",""agvPosition"":{""x"":164.909,""y"":65.741,""theta"":-1.502528718576965,""mapId"":""KB_Forklift_05_09_2025"",""positionInitialized"":true,""localizationScore"":1},""velocity"":{""vx"":0.004069629206297773,""vy"":-0.004661740563058144,""omega"":0.0013619047661633703},""schemavalidation"":true}",false,0,1759677024446,2025-10-05 15:10:24.446,kb_cvs,aldersbach,logistic,rtls,v2,synaos,sc-aware-JQ6G0078,2382,2025-10-05T15:10:24.319916Z,2.0.0,synaos,sc-aware-JQ6G0078,165,66,-1.502528719,KB_Forklift_05_09_2025,true,1,0,0,0,true
kb_cvs/aldersbach/logistic/rtls/v2/synaos/sc-aware-JQ6G0078/visualization,"{""headerId"":2381,""timestamp"":""2025-10-05T15:10:23.253574Z"",""version"":""2.0.0"",""manufacturer"":""synaos"",""serialNumber"":""sc-aware-JQ6G0078"",""agvPosition"":{""x"":164.911,""y"":65.758,""theta"":-1.5026257378523198,""mapId"":""KB_Forklift_05_09_2025"",""positionInitialized"":true,""localizationScore"":1},""velocity"":{""vx"":-0.10636571706471902,""vy"":0.009029303418904426,""omega"":0.007328850413906641},""schemavalidation"":true}",false,0,1759677023392,2025-10-05 15:10:23.392,kb_cvs,aldersbach,logistic,rtls,v2,synaos,sc-aware-JQ6G0078,2381,2025-10-05T15:10:23.253574Z,2.0.0,synaos,sc-aware-JQ6G0078,165,66,-1.502625738,KB_Forklift_05_09_2025,true,1,0,0,0,true
kb_cvs/aldersbach/logistic/rtls/v2/synaos/sc-aware-JQ6G0078/visualization,"{""headerId"":2380,""timestamp"":""2025-10-05T15:10:22.252715Z"",""version"":""2.0.0"",""manufacturer"":""synaos"",""serialNumber"":""sc-aware-JQ6G0078"",""agvPosition"":{""x"":164.901,""y"":65.591,""theta"":-1.5123237296009808,""mapId"":""KB_Forklift_05_09_2025"",""positionInitialized"":true,""localizationScore"":1},""velocity"":{""vx"":-0.22689762525514653,""vy"":0.02377869916511077,""omega"":0.011431202842595065},""schemavalidation"":true}",false,0,1759677022369,2025-10-05 15:10:22.369,kb_cvs,aldersbach,logistic,rtls,v2,synaos,sc-aware-JQ6G0078,2380,2025-10-05T15:10:22.252715Z,2.0.0,synaos,sc-aware-JQ6G0078,165,66,-1.51232373,KB_Forklift_05_09_2025,true,1,0,0,0,true
kb_cvs/aldersbach/logistic/rtls/v2/synaos/sc-aware-JQ6G0078/visualization,"{""headerId"":2379,""timestamp"":""2025-10-05T15:10:21.188319Z"",""version"":""2.0.0"",""manufacturer"":""synaos"",""serialNumber"":""sc-aware-JQ6G0078"",""agvPosition"":{""x"":164.901,""y"":65.149,""theta"":-1.513218726632541,""mapId"":""KB_Forklift_05_09_2025"",""positionInitialized"":true,""localizationScore"":1},""velocity"":{""vx"":-0.5495011808005893,""vy"":-0.04867264347097584,""omega"":-0.03671948797078861},""schemavalidation"":true}",false,0,1759677021312,2025-10-05 15:10:21.312,kb_cvs,aldersbach,logistic,rtls,v2,synaos,sc-aware-JQ6G0078,2379,2025-10-05T15:10:21.188319Z,2.0.0,synaos,sc-aware-JQ6G0078,165,65,-1.513218727,KB_Forklift_05_09_2025,true,1,-1,0,0,true
kb_cvs/aldersbach/logistic/rtls/v2/synaos/sc-aware-JQ6G0078/visualization,"{""headerId"":2378,""timestamp"":""2025-10-05T15:10:20.118770Z"",""version"":""2.0.0"",""manufacturer"":""synaos"",""serialNumber"":""sc-aware-JQ6G0078"",""agvPosition"":{""x"":164.945,""y"":64.706,""theta"":-1.4977744630035232,""mapId"":""KB_Forklift_05_09_2025"",""positionInitialized"":true,""localizationScore"":1},""velocity"":{""vx"":-0.34676915675160613,""vy"":0.04143981632613499,""omega"":0.00925721398696387},""schemavalidation"":true}",false,0,1759677020289,2025-10-05 15:10:20.289,kb_cvs,aldersbach,logistic,rtls,v2,synaos,sc-aware-JQ6G0078,2378,2025-10-05T15:10:20.118770Z,2.0.0,synaos,sc-aware-JQ6G0078,165,65,-1.497774463,KB_Forklift_05_09_2025,true,1,0,0,0,true
kb_cvs/aldersbach/logistic/rtls/v2/synaos/sc-aware-JQ6G0078/visualization,"{""headerId"":2377,""timestamp"":""2025-10-05T15:10:19.052717Z"",""version"":""2.0.0"",""manufacturer"":""synaos"",""serialNumber"":""sc-aware-JQ6G0078"",""agvPosition"":{""x"":164.957,""y"":64.456,""theta"":-1.4960321603425903,""mapId"":""KB_Forklift_05_09_2025"",""positionInitialized"":true,""localizationScore"":1},""velocity"":{""vx"":-0.17263839047234497,""vy"":-0.016166719915482273,""omega"":-0.025887214637177452},""schemavalidation"":true}",false,0,1759677019203,2025-10-05 15:10:19.203,kb_cvs,aldersbach,logistic,rtls,v2,synaos,sc-aware-JQ6G0078,2377,2025-10-05T15:10:19.052717Z,2.0.0,synaos,sc-aware-JQ6G0078,165,64,-1.49603216,KB_Forklift_05_09_2025,true,1,0,0,0,true
kb_cvs/aldersbach/logistic/rtls/v2/synaos/sc-aware-JQ6G0078/visualization,"{""headerId"":2376,""timestamp"":""2025-10-05T15:10:17.987241Z"",""version"":""2.0.0"",""manufacturer"":""synaos"",""serialNumber"":""sc-aware-JQ6G0078"",""agvPosition"":{""x"":165.113,""y"":64.314,""theta"":-1.3787764074252742,""mapId"":""KB_Forklift_05_09_2025"",""positionInitialized"":true,""localizationScore"":1},""velocity"":{""vx"":-0.18033186307584795,""vy"":-0.4596850884267173,""omega"":-0.3921870331759391},""schemavalidation"":true}",false,0,1759677018108,2025-10-05 15:10:18.108,kb_cvs,aldersbach,logistic,rtls,v2,synaos,sc-aware-JQ6G0078,2376,2025-10-05T15:10:17.987241Z,2.0.0,synaos,sc-aware-JQ6G0078,165,64,-1.378776407,KB_Forklift_05_09_2025,true,1,0,0,0,true
kb_cvs/aldersbach/logistic/rtls/v2/synaos/sc-aware-JQ6G0078/visualization,"{""headerId"":2375,""timestamp"":""2025-10-05T15:10:16.922590Z"",""version"":""2.0.0"",""manufacturer"":""synaos"",""serialNumber"":""sc-aware-JQ6G0078"",""agvPosition"":{""x"":166.022,""y"":64.516,""theta"":-0.6856363362258691,""mapId"":""KB_Forklift_05_09_2025"",""positionInitialized"":true,""localizationScore"":1},""velocity"":{""vx"":-0.49298324286710177,""vy"":-0.9729634829380381,""omega"":-0.7762925937442654},""schemavalidation"":true}",false,0,1759677017076,2025-10-05 15:10:17.076,kb_cvs,aldersbach,logistic,rtls,v2,synaos,sc-aware-JQ6G0078,2375,2025-10-05T15:10:16.922590Z,2.0.0,synaos,sc-aware-JQ6G0078,166,65,-0.6856363362,KB_Forklift_05_09_2025,true,1,0,-1,-1,true
kb_cvs/aldersbach/logistic/rtls/v2/synaos/sc-aware-JQ6G0078/visualization,"{""headerId"":2374,""timestamp"":""2025-10-05T15:10:15.853100Z"",""version"":""2.0.0"",""manufacturer"":""synaos"",""serialNumber"":""sc-aware-JQ6G0078"",""agvPosition"":{""x"":167.22,""y"":64.985,""theta"":-0.037182020428918605,""mapId"":""KB_Forklift_05_09_2025"",""positionInitialized"":true,""localizationScore"":1},""velocity"":{""vx"":-1.123511431292935,""vy"":-0.574916120446433,""omega"":-0.4542594913843271},""schemavalidation"":true}",false,0,1759677015988,2025-10-05 15:10:15.988,kb_cvs,aldersbach,logistic,rtls,v2,synaos,sc-aware-JQ6G0078,2374,2025-10-05T15:10:15.853100Z,2.0.0,synaos,sc-aware-JQ6G0078,167,65,-0.03718202043,KB_Forklift_05_09_2025,true,1,-1,-1,0,true
kb_cvs/aldersbach/logistic/rtls/v2/synaos/sc-aware-JQ6G0078/visualization,"{""headerId"":2373,""timestamp"":""2025-10-05T15:10:14.786468Z"",""version"":""2.0.0"",""manufacturer"":""synaos"",""serialNumber"":""sc-aware-JQ6G0078"",""agvPosition"":{""x"":168.129,""y"":65.665,""theta"":0.3922904040980413,""mapId"":""KB_Forklift_05_09_2025"",""positionInitialized"":true,""localizationScore"":1},""velocity"":{""vx"":-0.9392444870907861,""vy"":-0.48259968208416365,""omega"":-0.4229696767292699},""schemavalidation"":true}",false,0,1759677014934,2025-10-05 15:10:14.934,kb_cvs,aldersbach,logistic,rtls,v2,synaos,sc-aware-JQ6G0078,2373,2025-10-05T15:10:14.786468Z,2.0.0,synaos,sc-aware-JQ6G0078,168,66,0.3922904041,KB_Forklift_05_09_2025,true,1,-1,0,0,true
kb_cvs/aldersbach/logistic/rtls/v2/synaos/sc-aware-JQ6G0078/visualization,"{""headerId"":2372,""timestamp"":""2025-10-05T15:10:13.724466Z"",""version"":""2.0.0"",""manufacturer"":""synaos"",""serialNumber"":""sc-aware-JQ6G0078"",""agvPosition"":{""x"":168.86,""y"":66.889,""theta"":0.8362083783565435,""mapId"":""KB_Forklift_05_09_2025"",""positionInitialized"":true,""localizationScore"":1},""velocity"":{""vx"":-1.6539406592533112,""vy"":-0.40657283031187935,""omega"":-0.31050781846139497},""schemavalidation"":true}",false,0,1759677013877,2025-10-05 15:10:13.877,kb_cvs,aldersbach,logistic,rtls,v2,synaos,sc-aware-JQ6G0078,2372,2025-10-05T15:10:13.724466Z,2.0.0,synaos,sc-aware-JQ6G0078,169,67,0.8362083784,KB_Forklift_05_09_2025,true,1,-2,0,0,true
kb_cvs/aldersbach/logistic/rtls/v2/synaos/sc-aware-JQ6G0078/visualization,"{""headerId"":2371,""timestamp"":""2025-10-05T15:10:12.653411Z"",""version"":""2.0.0"",""manufacturer"":""synaos"",""serialNumber"":""sc-aware-JQ6G0078"",""agvPosition"":{""x"":169.854,""y"":69.025,""theta"":1.1293194537831486,""mapId"":""KB_Forklift_05_09_2025"",""positionInitialized"":true,""localizationScore"":1},""velocity"":{""vx"":-2.5349900385739352,""vy"":-0.31977222833390867,""omega"":-0.29711928176307023},""schemavalidation"":true}",false,0,1759677012788,2025-10-05 15:10:12.788,kb_cvs,aldersbach,logistic,rtls,v2,synaos,sc-aware-JQ6G0078,2371,2025-10-05T15:10:12.653411Z,2.0.0,synaos,sc-aware-JQ6G0078,170,69,1.129319454,KB_Forklift_05_09_2025,true,1,-3,0,0,true
kb_cvs/aldersbach/logistic/rtls/v2/synaos/sc-aware-JQ6G0078/visualization,"{""headerId"":2370,""timestamp"":""2025-10-05T15:10:11.587157Z"",""version"":""2.0.0"",""manufacturer"":""synaos"",""serialNumber"":""sc-aware-JQ6G0078"",""agvPosition"":{""x"":170.074,""y"":71.792,""theta"":1.5279369444948738,""mapId"":""KB_Forklift_05_09_2025"",""positionInitialized"":true,""localizationScore"":1},""velocity"":{""vx"":-2.498963686330091,""vy"":-0.5649610320306427,""omega"":-0.4766627315740565},""schemavalidation"":true}",false,0,1759677011789,2025-10-05 15:10:11.789,kb_cvs,aldersbach,logistic,rtls,v2,synaos,sc-aware-JQ6G0078,2370,2025-10-05T15:10:11.587157Z,2.0.0,synaos,sc-aware-JQ6G0078,170,72,1.527936944,KB_Forklift_05_09_2025,true,1,-2,-1,0,true
kb_cvs/aldersbach/logistic/rtls/v2/synaos/sc-aware-JQ6G0078/visualization,"{""headerId"":2369,""timestamp"":""2025-10-05T15:10:10.518103Z"",""version"":""2.0.0"",""manufacturer"":""synaos"",""serialNumber"":""sc-aware-JQ6G0078"",""agvPosition"":{""x"":168.583,""y"":74.042,""theta"":2.1683859474967617,""mapId"":""KB_Forklift_05_09_2025"",""positionInitialized"":true,""localizationScore"":1},""velocity"":{""vx"":-2.3935573407889286,""vy"":-0.8258622821120657,""omega"":-0.6221905899328375},""schemavalidation"":true}",false,0,1759677010707,2025-10-05 15:10:10.707,kb_cvs,aldersbach,logistic,rtls,v2,synaos,sc-aware-JQ6G0078,2369,2025-10-05T15:10:10.518103Z,2.0.0,synaos,sc-aware-JQ6G0078,169,74,2.168385947,KB_Forklift_05_09_2025,true,1,-2,-1,-1,true
kb_cvs/aldersbach/logistic/rtls/v2/synaos/sc-aware-JQ6G0078/visualization,"{""headerId"":2368,""timestamp"":""2025-10-05T15:10:09.518085Z"",""version"":""2.0.0"",""manufacturer"":""synaos"",""serialNumber"":""sc-aware-JQ6G0078"",""agvPosition"":{""x"":166.251,""y"":74.928,""theta"":2.7444624233804276,""mapId"":""KB_Forklift_05_09_2025"",""positionInitialized"":true,""localizationScore"":1},""velocity"":{""vx"":-2.45111981222288,""vy"":-0.5750374137214705,""omega"":-0.4625691831227887},""schemavalidation"":true}",false,0,1759677009764,2025-10-05 15:10:09.764,kb_cvs,aldersbach,logistic,rtls,v2,synaos,sc-aware-JQ6G0078,2368,2025-10-05T15:10:09.518085Z,2.0.0,synaos,sc-aware-JQ6G0078,166,75,2.744462423,KB_Forklift_05_09_2025,true,1,-2,-1,0,true
kb_cvs/aldersbach/logistic/rtls/v2/synaos/sc-aware-JQ6G0078/visualization,"{""headerId"":2367,""timestamp"":""2025-10-05T15:10:08.452171Z"",""version"":""2.0.0"",""manufacturer"":""synaos"",""serialNumber"":""sc-aware-JQ6G0078"",""agvPosition"":{""x"":163.568,""y"":74.856,""theta"":-3.119582311457279,""mapId"":""KB_Forklift_05_09_2025"",""positionInitialized"":true,""localizationScore"":1},""velocity"":{""vx"":-2.3402593869447803,""vy"":-0.35047853737509393,""omega"":-0.3294615030600836},""schemavalidation"":true}",false,0,1759677008678,2025-10-05 15:10:08.678,kb_cvs,aldersbach,logistic,rtls,v2,synaos,sc-aware-JQ6G0078,2367,2025-10-05T15:10:08.452171Z,2.0.0,synaos,sc-aware-JQ6G0078,164,75,-3.119582311,KB_Forklift_05_09_2025,true,1,-2,0,0,true
kb_cvs/aldersbach/logistic/rtls/v2/synaos/sc-aware-JQ6G0078/visualization,"{""headerId"":2366,""timestamp"":""2025-10-05T15:10:07.388530Z"",""version"":""2.0.0"",""manufacturer"":""synaos"",""serialNumber"":""sc-aware-JQ6G0078"",""agvPosition"":{""x"":162.07,""y"":73.501,""theta"":-2.4093216816197254,""mapId"":""KB_Forklift_05_09_2025"",""positionInitialized"":true,""localizationScore"":1},""velocity"":{""vx"":-1.2727997804141673,""vy"":-1.0364940520906245,""omega"":-0.7875286044231292},""schemavalidation"":true}",false,0,1759677007528,2025-10-05 15:10:07.528,kb_cvs,aldersbach,logistic,rtls,v2,synaos,sc-aware-JQ6G0078,2366,2025-10-05T15:10:07.388530Z,2.0.0,synaos,sc-aware-JQ6G0078,162,74,-2.409321682,KB_Forklift_05_09_2025,true,1,-1,-1,-1,true
kb_cvs/aldersbach/logistic/rtls/v2/synaos/sc-aware-JQ6G0078/visualization,"{""headerId"":2365,""timestamp"":""2025-10-05T15:10:06.319344Z"",""version"":""2.0.0"",""manufacturer"":""synaos"",""serialNumber"":""sc-aware-JQ6G0078"",""agvPosition"":{""x"":162.111,""y"":72.506,""theta"":-1.9571811237944683,""mapId"":""KB_Forklift_05_09_2025"",""positionInitialized"":true,""localizationScore"":1},""velocity"":{""vx"":0.006832565340442298,""vy"":0.08460313357850809,""omega"":0.051175656405960016},""schemavalidation"":true}",false,0,1759677006473,2025-10-05 15:10:06.473,kb_cvs,aldersbach,logistic,rtls,v2,synaos,sc-aware-JQ6G0078,2365,2025-10-05T15:10:06.319344Z,2.0.0,synaos,sc-aware-JQ6G0078,162,73,-1.957181124,KB_Forklift_05_09_2025,true,1,0,0,0,true
kb_cvs/aldersbach/logistic/rtls/v2/synaos/sc-aware-JQ6G0078/visualization,"{""headerId"":2364,""timestamp"":""2025-10-05T15:10:05.321596Z"",""version"":""2.0.0"",""manufacturer"":""synaos"",""serialNumber"":""sc-aware-JQ6G0078"",""agvPosition"":{""x"":162.577,""y"":73.271,""theta"":-1.8133593080141228,""mapId"":""KB_Forklift_05_09_2025"",""positionInitialized"":true,""localizationScore"":1},""velocity"":{""vx"":1.2628189569510164,""vy"":-0.5375526347036438,""omega"":-0.4336148703244835},""schemavalidation"":true}",false,0,1759677005451,2025-10-05 15:10:05.451,kb_cvs,aldersbach,logistic,rtls,v2,synaos,sc-aware-JQ6G0078,2364,2025-10-05T15:10:05.321596Z,2.0.0,synaos,sc-aware-JQ6G0078,163,73,-1.813359308,KB_Forklift_05_09_2025,true,1,1,-1,0,true
kb_cvs/aldersbach/logistic/rtls/v2/synaos/sc-aware-JQ6G0078/visualization,"{""headerId"":2363,""timestamp"":""2025-10-05T15:10:04.253538Z"",""version"":""2.0.0"",""manufacturer"":""synaos"",""serialNumber"":""sc-aware-JQ6G0078"",""agvPosition"":{""x"":163.048,""y"":74.242,""theta"":-1.5005201207794867,""mapId"":""KB_Forklift_05_09_2025"",""positionInitialized"":true,""localizationScore"":1},""velocity"":{""vx"":0.6414958943941919,""vy"":-0.10106440635501344,""omega"":-0.05686523506682296},""schemavalidation"":true}",false,0,1759677004389,2025-10-05 15:10:04.389,kb_cvs,aldersbach,logistic,rtls,v2,synaos,sc-aware-JQ6G0078,2363,2025-10-05T15:10:04.253538Z,2.0.0,synaos,sc-aware-JQ6G0078,163,74,-1.500520121,KB_Forklift_05_09_2025,true,1,1,0,0,true
kb_cvs/aldersbach/logistic/rtls/v2/synaos/sc-aware-JQ6G0078/visualization,"{""headerId"":2362,""timestamp"":""2025-10-05T15:10:03.187603Z"",""version"":""2.0.0"",""manufacturer"":""synaos"",""serialNumber"":""sc-aware-JQ6G0078"",""agvPosition"":{""x"":163.053,""y"":74.488,""theta"":-1.486714126092897,""mapId"":""KB_Forklift_05_09_2025"",""positionInitialized"":true,""localizationScore"":1},""velocity"":{""vx"":-0.17448583547160476,""vy"":0.003995845195043998,""omega"":0.0009436357693181137},""schemavalidation"":true}",false,0,1759677003334,2025-10-05 15:10:03.334,kb_cvs,aldersbach,logistic,rtls,v2,synaos,sc-aware-JQ6G0078,2362,2025-10-05T15:10:03.187603Z,2.0.0,synaos,sc-aware-JQ6G0078,163,74,-1.486714126,KB_Forklift_05_09_2025,true,1,0,0,0,true
kb_cvs/aldersbach/logistic/rtls/v2/synaos/sc-aware-JQ6G0078/visualization,"{""headerId"":2361,""timestamp"":""2025-10-05T15:10:02.118490Z"",""version"":""2.0.0"",""manufacturer"":""synaos"",""serialNumber"":""sc-aware-JQ6G0078"",""agvPosition"":{""x"":163.084,""y"":73.986,""theta"":-1.477204412738434,""mapId"":""KB_Forklift_05_09_2025"",""positionInitialized"":true,""localizationScore"":1},""velocity"":{""vx"":-0.3261545393626182,""vy"":0.014546335864118685,""omega"":-0.01015093811377152},""schemavalidation"":true}",false,0,1759677002280,2025-10-05 15:10:02.280,kb_cvs,aldersbach,logistic,rtls,v2,synaos,sc-aware-JQ6G0078,2361,2025-10-05T15:10:02.118490Z,2.0.0,synaos,sc-aware-JQ6G0078,163,74,-1.477204413,KB_Forklift_05_09_2025,true,1,0,0,0,true
kb_cvs/aldersbach/logistic/rtls/v2/synaos/sc-aware-JQ6G0078/visualization,"{""headerId"":2360,""timestamp"":""2025-10-05T15:10:01.054237Z"",""version"":""2.0.0"",""manufacturer"":""synaos"",""serialNumber"":""sc-aware-JQ6G0078"",""agvPosition"":{""x"":163.093,""y"":73.859,""theta"":-1.473234882315765,""mapId"":""KB_Forklift_05_09_2025"",""positionInitialized"":true,""localizationScore"":1},""velocity"":{""vx"":-0.11046500378059039,""vy"":0.00230099773465177,""omega"":-0.0028447298847161027},""schemavalidation"":true}",false,0,1759677001190,2025-10-05 15:10:01.190,kb_cvs,aldersbach,logistic,rtls,v2,synaos,sc-aware-JQ6G0078,2360,2025-10-05T15:10:01.054237Z,2.0.0,synaos,sc-aware-JQ6G0078,163,74,-1.473234882,KB_Forklift_05_09_2025,true,1,0,0,0,true
kb_cvs/aldersbach/logistic/rtls/v2/synaos/sc-aware-JQ6G0078/visualization,"{""headerId"":2359,""timestamp"":""2025-10-05T15:09:59.986927Z"",""version"":""2.0.0"",""manufacturer"":""synaos"",""serialNumber"":""sc-aware-JQ6G0078"",""agvPosition"":{""x"":163.091,""y"":73.887,""theta"":-1.4737017989117156,""mapId"":""KB_Forklift_05_09_2025"",""positionInitialized"":true,""localizationScore"":1},""velocity"":{""vx"":0.11096124965526744,""vy"":-0.003837537427729889,""omega"":0.003692954652147421},""schemavalidation"":true}",false,0,1759677000137,2025-10-05 15:10:00.137,kb_cvs,aldersbach,logistic,rtls,v2,synaos,sc-aware-JQ6G0078,2359,2025-10-05T15:09:59.986927Z,2.0.0,synaos,sc-aware-JQ6G0078,163,74,-1.473701799,KB_Forklift_05_09_2025,true,1,0,0,0,true
kb_cvs/aldersbach/logistic/rtls/v2/synaos/sc-aware-JQ6G0078/visualization,"{""headerId"":2358,""timestamp"":""2025-10-05T15:09:58.986473Z"",""version"":""2.0.0"",""manufacturer"":""synaos"",""serialNumber"":""sc-aware-JQ6G0078"",""agvPosition"":{""x"":163.089,""y"":73.912,""theta"":-1.474402941077976,""mapId"":""KB_Forklift_05_09_2025"",""positionInitialized"":true,""localizationScore"":1},""velocity"":{""vx"":-0.04408922409498923,""vy"":0.0026777466254404316,""omega"":-0.001315137362355197},""schemavalidation"":true}",false,0,1759676999110,2025-10-05 15:09:59.110,kb_cvs,aldersbach,logistic,rtls,v2,synaos,sc-aware-JQ6G0078,2358,2025-10-05T15:09:58.986473Z,2.0.0,synaos,sc-aware-JQ6G0078,163,74,-1.474402941,KB_Forklift_05_09_2025,true,1,0,0,0,true
kb_cvs/aldersbach/logistic/rtls/v2/synaos/sc-aware-JQ6G0078/visualization,"{""headerId"":2357,""timestamp"":""2025-10-05T15:09:57.920079Z"",""version"":""2.0.0"",""manufacturer"":""synaos"",""serialNumber"":""sc-aware-JQ6G0078"",""agvPosition"":{""x"":163.089,""y"":73.941,""theta"":-1.4754696312838753,""mapId"":""KB_Forklift_05_09_2025"",""positionInitialized"":true,""localizationScore"":1},""velocity"":{""vx"":0.0010812536623992946,""vy"":0.002665731808721753,""omega"":0.00048778257658557245},""schemavalidation"":true}",false,0,1759676998054,2025-10-05 15:09:58.054,kb_cvs,aldersbach,logistic,rtls,v2,synaos,sc-aware-JQ6G0078,2357,2025-10-05T15:09:57.920079Z,2.0.0,synaos,sc-aware-JQ6G0078,163,74,-1.475469631,KB_Forklift_05_09_2025,true,1,0,0,0,true
kb_cvs/aldersbach/logistic/rtls/v2/synaos/sc-aware-JQ6G0078/visualization,"{""headerId"":2356,""timestamp"":""2025-10-05T15:09:56.852761Z"",""version"":""2.0.0"",""manufacturer"":""synaos"",""serialNumber"":""sc-aware-JQ6G0078"",""agvPosition"":{""x"":163.088,""y"":73.937,""theta"":-1.475158709558075,""mapId"":""KB_Forklift_05_09_2025"",""positionInitialized"":true,""localizationScore"":1},""velocity"":{""vx"":-0.017312928928417407,""vy"":0.006803610447144368,""omega"":-0.004987907300133425},""schemavalidation"":true}",false,0,1759676996995,2025-10-05 15:09:56.995,kb_cvs,aldersbach,logistic,rtls,v2,synaos,sc-aware-JQ6G0078,2356,2025-10-05T15:09:56.852761Z,2.0.0,synaos,sc-aware-JQ6G0078,163,74,-1.47515871,KB_Forklift_05_09_2025,true,1,0,0,0,true
kb_cvs/aldersbach/logistic/rtls/v2/synaos/sc-aware-JQ6G0078/visualization,"{""headerId"":2355,""timestamp"":""2025-10-05T15:09:55.788428Z"",""version"":""2.0.0"",""manufacturer"":""synaos"",""serialNumber"":""sc-aware-JQ6G0078"",""agvPosition"":{""x"":163.088,""y"":73.92,""theta"":-1.4744472697176647,""mapId"":""KB_Forklift_05_09_2025"",""positionInitialized"":true,""localizationScore"":1},""velocity"":{""vx"":-0.0162419291888976,""vy"":-0.00025664295668203623,""omega"":0.004059544893309986},""schemavalidation"":true}",false,0,1759676995940,2025-10-05 15:09:55.940,kb_cvs,aldersbach,logistic,rtls,v2,synaos,sc-aware-JQ6G0078,2355,2025-10-05T15:09:55.788428Z,2.0.0,synaos,sc-aware-JQ6G0078,163,74,-1.47444727,KB_Forklift_05_09_2025,true,1,0,0,0,true
kb_cvs/aldersbach/logistic/rtls/v2/synaos/sc-aware-JQ6G0078/visualization,"{""headerId"":2354,""timestamp"":""2025-10-05T15:09:54.718229Z"",""version"":""2.0.0"",""manufacturer"":""synaos"",""serialNumber"":""sc-aware-JQ6G0078"",""agvPosition"":{""x"":163.089,""y"":73.911,""theta"":-1.4741716866104166,""mapId"":""KB_Forklift_05_09_2025"",""positionInitialized"":true,""localizationScore"":1},""velocity"":{""vx"":-0.02101417917161564,""vy"":0.001477628751460857,""omega"":-0.0011125599526776429},""schemavalidation"":true}",false,0,1759676994884,2025-10-05 15:09:54.884,kb_cvs,aldersbach,logistic,rtls,v2,synaos,sc-aware-JQ6G0078,2354,2025-10-05T15:09:54.718229Z,2.0.0,synaos,sc-aware-JQ6G0078,163,74,-1.474171687,KB_Forklift_05_09_2025,true,1,0,0,0,true
kb_cvs/aldersbach/logistic/rtls/v2/synaos/sc-aware-JQ6G0078/visualization,"{""headerId"":2353,""timestamp"":""2025-10-05T15:09:53.653224Z"",""version"":""2.0.0"",""manufacturer"":""synaos"",""serialNumber"":""sc-aware-JQ6G0078"",""agvPosition"":{""x"":163.099,""y"":73.81,""theta"":-1.471817201368749,""mapId"":""KB_Forklift_05_09_2025"",""positionInitialized"":true,""localizationScore"":1},""velocity"":{""vx"":-0.17458212660834907,""vy"":-0.001488972336407251,""omega"":-0.008371454577845373},""schemavalidation"":true}",false,0,1759676993790,2025-10-05 15:09:53.790,kb_cvs,aldersbach,logistic,rtls,v2,synaos,sc-aware-JQ6G0078,2353,2025-10-05T15:09:53.653224Z,2.0.0,synaos,sc-aware-JQ6G0078,163,74,-1.471817201,KB_Forklift_05_09_2025,true,1,0,0,0,true
kb_cvs/aldersbach/logistic/rtls/v2/synaos/sc-aware-JQ6G0078/visualization,"{""headerId"":2352,""timestamp"":""2025-10-05T15:09:52.586953Z"",""version"":""2.0.0"",""manufacturer"":""synaos"",""serialNumber"":""sc-aware-JQ6G0078"",""agvPosition"":{""x"":163.145,""y"":73.637,""theta"":-1.4438649035415754,""mapId"":""KB_Forklift_05_09_2025"",""positionInitialized"":true,""localizationScore"":1},""velocity"":{""vx"":-0.14800689808737608,""vy"":-0.04009041137975269,""omega"":-0.044984300122224},""schemavalidation"":true}",false,0,1759676992734,2025-10-05 15:09:52.734,kb_cvs,aldersbach,logistic,rtls,v2,synaos,sc-aware-JQ6G0078,2352,2025-10-05T15:09:52.586953Z,2.0.0,synaos,sc-aware-JQ6G0078,163,74,-1.443864904,KB_Forklift_05_09_2025,true,1,0,0,0,true
kb_cvs/aldersbach/logistic/rtls/v2/synaos/sc-aware-JQ6G0078/visualization,"{""headerId"":2351,""timestamp"":""2025-10-05T15:09:51.586088Z"",""version"":""2.0.0"",""manufacturer"":""synaos"",""serialNumber"":""sc-aware-JQ6G0078"",""agvPosition"":{""x"":163.24,""y"":73.511,""theta"":-1.3797789496927093,""mapId"":""KB_Forklift_05_09_2025"",""positionInitialized"":true,""localizationScore"":1},""velocity"":{""vx"":-0.1465428675922566,""vy"":-0.08828233369561221,""omega"":-0.07648923148795317},""schemavalidation"":true}",false,0,1759676991714,2025-10-05 15:09:51.714,kb_cvs,aldersbach,logistic,rtls,v2,synaos,sc-aware-JQ6G0078,2351,2025-10-05T15:09:51.586088Z,2.0.0,synaos,sc-aware-JQ6G0078,163,74,-1.37977895,KB_Forklift_05_09_2025,true,1,0,0,0,true
kb_cvs/aldersbach/logistic/rtls/v2/synaos/sc-aware-JQ6G0078/visualization,"{""headerId"":2350,""timestamp"":""2025-10-05T15:09:50.520359Z"",""version"":""2.0.0"",""manufacturer"":""synaos"",""serialNumber"":""sc-aware-JQ6G0078"",""agvPosition"":{""x"":163.418,""y"":73.334,""theta"":-1.2683516667642483,""mapId"":""KB_Forklift_05_09_2025"",""positionInitialized"":true,""localizationScore"":1},""velocity"":{""vx"":-0.3100629017949743,""vy"":-0.16271096797345921,""omega"":-0.12946892436782265},""schemavalidation"":true}",false,0,1759676990683,2025-10-05 15:09:50.683,kb_cvs,aldersbach,logistic,rtls,v2,synaos,sc-aware-JQ6G0078,2350,2025-10-05T15:09:50.520359Z,2.0.0,synaos,sc-aware-JQ6G0078,163,73,-1.268351667,KB_Forklift_05_09_2025,true,1,0,0,0,true
kb_cvs/aldersbach/logistic/rtls/v2/synaos/sc-aware-JQ6G0078/visualization,"{""headerId"":2349,""timestamp"":""2025-10-05T15:09:49.459243Z"",""version"":""2.0.0"",""manufacturer"":""synaos"",""serialNumber"":""sc-aware-JQ6G0078"",""agvPosition"":{""x"":163.752,""y"":73.085,""theta"":-1.1446647927678555,""mapId"":""KB_Forklift_05_09_2025"",""positionInitialized"":true,""localizationScore"":1},""velocity"":{""vx"":-0.26907639890132784,""vy"":-0.09053872663674321,""omega"":-0.08066781802001777},""schemavalidation"":true}",false,0,1759676989613,2025-10-05 15:09:49.613,kb_cvs,aldersbach,logistic,rtls,v2,synaos,sc-aware-JQ6G0078,2349,2025-10-05T15:09:49.459243Z,2.0.0,synaos,sc-aware-JQ6G0078,164,73,-1.144664793,KB_Forklift_05_09_2025,true,1,0,0,0,true
